Maisons des associations;Date ;Heure de début;Heure de fin;Activité;Type de réservation;Association
CESSOLE SAINT SYLVESTRE;25/01/2016;18H00;21H00;ACTIVITE BIEN ETRE;COURS;ENVIE D'ENERGIE
CESSOLE SAINT SYLVESTRE;26/01/2016;10H00;12H00;SENIORS;PERMANENCE;CLUB DU 3EME AGE DE LAS PLANAS
CESSOLE SAINT SYLVESTRE;26/01/2016;14H00;18H00;SENIORS;PERMANENCE;CLUB DU 3EME AGE DE LAS PLANAS
CESSOLE SAINT SYLVESTRE;26/01/2016;18H00;20H00;ACTIVITE BIEN ETRE;COURS;LE BIEN ETRE PAR LE QI GONG
CESSOLE SAINT SYLVESTRE;27/01/2016;18H00;21H00;ACTIVITE BIEN ETRE;COURS;LES PONTS DES PIES
CESSOLE SAINT SYLVESTRE;28/01/2016;18H00;21H00;CHANT;COURS;AILN - ASSOCIATION DES INTERPRETES LYRIQUES DE NICE
CESSOLE SAINT SYLVESTRE;30/01/2016;14H00;17H00;JEUNESSE;REUNION;CEJAM - COMITE DE L'ENFANCE ET DE LA JEUNESSE DES ALPES MARITIMES
CESSOLE SAINT SYLVESTRE;30/01/2016;17H00;23H00;CULTURE;REUNION;AICA - ASSOCIATION DES IVOIRIENS DE LA COTE D'AZUR 
COMTE DE FALICON;25/01/2016;09H00;12H00;SOCIAL;PERMANENCE;ATIAM - ASSOCIATION TUTELAIRE DES PERSONNES PROTEGEES DES ALPES MERIDIONALES
COMTE DE FALICON;25/01/2016;09H00;12H00;SOCIAL;PERMANENCE;ATIAM - ASSOCIATION TUTELAIRE DES PERSONNES PROTEGEES DES ALPES MERIDIONALES
COMTE DE FALICON;25/01/2016;14H00;17H00;ARTS PLASTIQUES;COURS;ETOILE D'AZUR
COMTE DE FALICON;25/01/2016;14H00;16H00;EMPLOI;FORMATION;ADS - AZUR DEVELOPPEMENT SERVICE
COMTE DE FALICON;25/01/2016;17H00;19H00;SOUTIEN SCOLAIRE;COURS;APPESE - ASS. POUR LA PROMOTION DE LA PREVENTION ET DE L'ECONOMIE SOCIALE EN EUROPE
COMTE DE FALICON;25/01/2016;17H00;19H00;SOUTIEN SCOLAIRE;COURS;APPESE - ASS. POUR LA PROMOTION DE LA PREVENTION ET DE L'ECONOMIE SOCIALE EN EUROPE
COMTE DE FALICON;26/01/2016;09H00;12H00;SOCIAL;PERMANENCE;ATIAM - ASSOCIATION TUTELAIRE DES PERSONNES PROTEGEES DES ALPES MERIDIONALES
COMTE DE FALICON;26/01/2016;09H00;12H00;ACTIVITE BIEN ETRE;COURS;LES PONTS DES PIES
COMTE DE FALICON;26/01/2016;09H00;12H00;SOCIAL;PERMANENCE;ATIAM - ASSOCIATION TUTELAIRE DES PERSONNES PROTEGEES DES ALPES MERIDIONALES
COMTE DE FALICON;26/01/2016;10H00;11H00;EMPLOI;;SNC - SOLIDARITES NOUVELLES FACE AU CHOMAGE
COMTE DE FALICON;26/01/2016;14H00;16H00;SOCIAL;COURS;A LA CROISEE DES BESOINS
COMTE DE FALICON;26/01/2016;16H00;18H00;SOCIAL;PERMANENCE;CHRYSALIDES
COMTE DE FALICON;26/01/2016;17H00;19H00;SOUTIEN SCOLAIRE;COURS;APPESE - ASS. POUR LA PROMOTION DE LA PREVENTION ET DE L'ECONOMIE SOCIALE EN EUROPE
COMTE DE FALICON;26/01/2016;18H00;20H00;ACTIVITE BIEN ETRE;COURS;DE L'ETOILE O SAMA
COMTE DE FALICON;27/01/2016;14H00;17H00;COURS DE LANGUE;COURS;MINI SCHOOLS - RELAIS M.S. 
COMTE DE FALICON;27/01/2016;14H00;16H00;LOISIRS;COURS;SAVA - SPORT ACTION VOYAGES AMITIE 
COMTE DE FALICON;27/01/2016;16H00;20H00;MUSIQUE;COURS;DIFART
COMTE DE FALICON;27/01/2016;17H00;19H00;HANDICAP;ATELIER;LRC - LES RENCONTRES CHANTANTES
COMTE DE FALICON;27/01/2016;18H00;20H00;ACTIVITE BIEN ETRE;COURS;LES COULEURS DU CIEL ART THERAPIE ET YOGA
COMTE DE FALICON;28/01/2016;09H00;12H00;SOCIAL;PERMANENCE;ATIAM - ASSOCIATION TUTELAIRE DES PERSONNES PROTEGEES DES ALPES MERIDIONALES
COMTE DE FALICON;28/01/2016;09H00;12H00;ACTIVITE BIEN ETRE;COURS;LES PONTS DES PIES
COMTE DE FALICON;28/01/2016;09H00;12H00;SOCIAL;PERMANENCE;ATIAM - ASSOCIATION TUTELAIRE DES PERSONNES PROTEGEES DES ALPES MERIDIONALES
COMTE DE FALICON;28/01/2016;10H00;12H00;LOISIRS;COURS;AJFS - JEUNESSE FRANCO-SLAVE
COMTE DE FALICON;28/01/2016;14H00;16H00;ARTS PLASTIQUES;COURS;ETOILE D'AZUR
COMTE DE FALICON;28/01/2016;14H00;16H00;ACTIVITE BIEN ETRE;COURS;LE BIEN ETRE PAR LE QI GONG
COMTE DE FALICON;28/01/2016;17H00;19H00;SOUTIEN SCOLAIRE;COURS;APPESE - ASS. POUR LA PROMOTION DE LA PREVENTION ET DE L'ECONOMIE SOCIALE EN EUROPE
COMTE DE FALICON;28/01/2016;17H00;19H00;SOUTIEN SCOLAIRE;COURS;APPESE - ASS. POUR LA PROMOTION DE LA PREVENTION ET DE L'ECONOMIE SOCIALE EN EUROPE
COMTE DE FALICON;28/01/2016;18H00;19H00;HANDICAP;COURS;LRC - LES RENCONTRES CHANTANTES
COMTE DE FALICON;29/01/2016;09H00;12H00;SOCIAL;PERMANENCE;ATIAM - ASSOCIATION TUTELAIRE DES PERSONNES PROTEGEES DES ALPES MERIDIONALES
COMTE DE FALICON;29/01/2016;09H00;12H00;SOCIAL;PERMANENCE;ATIAM - ASSOCIATION TUTELAIRE DES PERSONNES PROTEGEES DES ALPES MERIDIONALES
COMTE DE FALICON;29/01/2016;12H00;14H00;ACTIVITE BIEN ETRE;COURS;LES COULEURS DU CIEL ART THERAPIE ET YOGA
COMTE DE FALICON;29/01/2016;14H00;17H00;ACTIVITE MANUELLE;COURS;LES VENUS DE POCHE
COMTE DE FALICON;29/01/2016;15H00;20H00;SOCIAL;REUNION;CHRYSALIDES
COMTE DE FALICON;29/01/2016;15H00;20H00;SOCIAL;REUNION;CHRYSALIDES
COMTE DE FALICON;29/01/2016;16H00;19H00;MUSIQUE;COURS;DIFART
COMTE DE FALICON;29/01/2016;17H00;19H00;SOUTIEN SCOLAIRE;COURS;APPESE - ASS. POUR LA PROMOTION DE LA PREVENTION ET DE L'ECONOMIE SOCIALE EN EUROPE
COMTE DE FALICON;30/01/2016;10H00;13H00;COURS DE LANGUE;COURS;MANABI
COMTE DE FALICON;30/01/2016;10H00;12H00;MUSIQUE;COURS;DIFART
COMTE DE FALICON;30/01/2016;10H00;13H00;COURS DE LANGUE;DIVERS;MANABI
COMTE DE FALICON;30/01/2016;14H00;18H00;SOCIAL;REUNION;LA PASSERELLE SENEGALAISE
DU COMBATTANT et des ASSOCIATIONS PATRIOTIQUES;25/01/2016;15H00;17H00;AFFAIRES MILITAIRES;;ANOCR 06 - ASS. NALE DES OFFICIERS DE CARRIERE EN RETRAITE - GROUPEMENT DES ALPES-MARITIMES
DU COMBATTANT et des ASSOCIATIONS PATRIOTIQUES;26/01/2016;15H00;17H00;AFFAIRES MILITAIRES;;AGASM - ASSOCIATION GENERALE AMICALE DES SOUS MARINIERS
DU COMBATTANT et des ASSOCIATIONS PATRIOTIQUES;27/01/2016;14H00;17H00;AFFAIRES MILITAIRES;;AMTS - ASSOCIATION MEMOIRE DU TIRAILLEUR SENEGALAIS
DU COMBATTANT et des ASSOCIATIONS PATRIOTIQUES;28/01/2016;10H00;12H00;AFFAIRES MILITAIRES;;ANMONM - ASS. NALE DES MEMBRES DE L'ORDRE NATIONAL DU MERITE - Section Départementale des AM 
DU COMBATTANT et des ASSOCIATIONS PATRIOTIQUES;29/01/2016;14H00;18H00;AFFAIRES MILITAIRES;;UNOR CA - UNION DES OFFICIERS DE RESERVE DE LA COTE D'AZUR 
GARIBALDI;25/01/2016;09H00;12H00;ACTIVITE BIEN ETRE;COURS;LES PONTS DES PIES
GARIBALDI;25/01/2016;09H00;11H00;ORGANISME PUBLIC;EXAMEN;POLE ACTIVITES MARITIMES
GARIBALDI;25/01/2016;09H00;11H00;ACTIVITE BIEN ETRE;COURS;QI GONG & SANTE
GARIBALDI;25/01/2016;10H00;11H00;ACTIVITE BIEN ETRE;COURS;SOPHROLOGIE ET SOI
GARIBALDI;25/01/2016;10H00;12H00;COURS DE LANGUE;COURS;PLANETE ASIE 
GARIBALDI;25/01/2016;12H00;14H00;ACTIVITE BIEN ETRE;COURS;LES COULEURS DU CIEL ART THERAPIE ET YOGA
GARIBALDI;25/01/2016;14H00;18H00;SOCIAL;PERMANENCE;AS3P - ASSOCIATION DE SUIVI PSYCHOLOGIQUE POST-PENAL  
GARIBALDI;25/01/2016;14H00;16H00;DANSE ;COURS;AZUR BALLET
GARIBALDI;25/01/2016;16H00;18H00;COURS DE LANGUE;COURS;ATELIER BILINGUE DE LA BAIE DES ANGES - ABBA
GARIBALDI;25/01/2016;16H00;18H00;ENSEIGNEMENT;REUNION;ASSOUCIACIOUN DOU MALOUNAT
GARIBALDI;25/01/2016;18H00;20H00;SANTE;ATELIER;L'ECOLE DE LA VIE
GARIBALDI;25/01/2016;18H00;19H00;SOCIAL;PERMANENCE;AS3P - ASSOCIATION DE SUIVI PSYCHOLOGIQUE POST-PENAL  
GARIBALDI;25/01/2016;18H00;21H00;SOCIAL;PERMANENCE;ASSOCIATION PAIZO
GARIBALDI;25/01/2016;19H00;21H00;CULTURE;COURS;ASSOCIATION FRANCE-JAPON - CHAIRE KAWABATA
GARIBALDI;25/01/2016;19H00;20H00;CULTURE;REPETITION;COLOMBIE COTE D'AZUR CCA
GARIBALDI;25/01/2016;19H00;20H00;ACTIVITE BIEN ETRE;COURS;MANGALAM
GARIBALDI;25/01/2016;20H00;21H00;SPORT;ANIMATION;LA GYM SUEDOISE NICE 
GARIBALDI;26/01/2016;09H00;12H00;SOCIAL;PERMANENCE;AS3P - ASSOCIATION DE SUIVI PSYCHOLOGIQUE POST-PENAL  
GARIBALDI;26/01/2016;09H00;12H00;LOISIRS;PERMANENCE;LA JOIE DE VIVRE MM 06
GARIBALDI;26/01/2016;12H00;14H00;ACTIVITE BIEN ETRE;COURS;AZUR TAI CHI ASSOCIATION CULTURELLE ETHIQUE ET SOLIDAIRE EN PROVENCE ALPES COTE D'AZUR
GARIBALDI;26/01/2016;14H00;17H00;ORGANISME PUBLIC;ATELIER;DIRECTION DE LA SANTE PUBLIQUE
GARIBALDI;26/01/2016;14H00;17H00;SOCIAL;PERMANENCE;AS3P - ASSOCIATION DE SUIVI PSYCHOLOGIQUE POST-PENAL  
GARIBALDI;26/01/2016;14H00;17H00;SANTE;ATELIER;GROUPEMENT DE PARKINSONIENS DES ALPES-MARITIMES ET PACA - GPAM PACA
GARIBALDI;26/01/2016;17H00;19H00;CULTURE;COURS;ACFI - ASSOCIATION CULTURELLE FRANCO ITALIENNE
GARIBALDI;26/01/2016;18H00;21H00;CULTURE;COURS;"ASSOCIATION NICOISE ""CHINE HORIZON"""
GARIBALDI;26/01/2016;18H00;20H00;ACTIVITE BIEN ETRE;COURS;SOPHROLOGIE ET SOI
GARIBALDI;26/01/2016;18H00;19H00;ACTIVITE BIEN ETRE;COURS;VAYOGA-CULTURE ET YOGA
GARIBALDI;26/01/2016;19H00;21H00;SANTE;ATELIER;L'ECOLE DE LA VIE
GARIBALDI;26/01/2016;19H00;21H00;CULTURE;COURS;ASSOCIATION FRANCE-JAPON - CHAIRE KAWABATA
GARIBALDI;26/01/2016;19H00;20H00;ACTIVITE BIEN ETRE;COURS;ASSOCIATION POUR L'ART DU MIEUX ETRE
GARIBALDI;26/01/2016;20H00;21H00;DANSE ;COURS;TIGRE TANGO
GARIBALDI;27/01/2016;09H00;12H00;ACTIVITE BIEN ETRE;COURS;LES PONTS DES PIES
GARIBALDI;27/01/2016;09H00;12H00;AFFAIRES MILITAIRES;DIVERS;ANMONM - ASS. NALE DES MEMBRES DE L'ORDRE NATIONAL DU MERITE - Section Départementale des AM 
GARIBALDI;27/01/2016;10H00;12H00;SANTE;COURS;ASSOCIATION HOSPITALIERE SAINTE MARIE
GARIBALDI;27/01/2016;13H00;16H00;CULTURE;COURS;FRANCE RUSSIE
GARIBALDI;27/01/2016;13H00;16H00;CULTURE;COURS;FRANCE RUSSIE
GARIBALDI;27/01/2016;13H00;16H00;CULTURE;COURS;FRANCE RUSSIE
GARIBALDI;27/01/2016;14H00;17H00;SPORT;COURS;DAME D'AZUR - DA
GARIBALDI;27/01/2016;14H00;16H00;SENIORS;ATELIER;CONSEIL DES SENIORS DE NICE 
GARIBALDI;27/01/2016;17H00;19H00;CULTURE;COURS;ACFI - ASSOCIATION CULTURELLE FRANCO ITALIENNE
GARIBALDI;27/01/2016;18H00;21H00;CULTURE;CONFERENCE;LES AMIS DE CONDORCET
GARIBALDI;27/01/2016;18H00;20H00;CULTURE;COURS;COMMUNAUTE GRECQUE DES ALPES-MARITIMES CGDAM
GARIBALDI;27/01/2016;19H00;21H00;CITOYENNETE;REUNION;LICRA - LIGUE INTERNATIONALE CONTRE LE RACISME ET L'ANTISEMITISME - SECTION DE NICE
GARIBALDI;27/01/2016;19H00;20H00;DANSE ;COURS;TIGRE TANGO
GARIBALDI;27/01/2016;19H00;21H00;CULTURE;COURS;ASSOCIATION FRANCE-JAPON - CHAIRE KAWABATA
GARIBALDI;27/01/2016;19H00;21H00;ACTIVITE BIEN ETRE;COURS;AZUR TAI CHI ASSOCIATION CULTURELLE ETHIQUE ET SOLIDAIRE EN PROVENCE ALPES COTE D'AZUR
GARIBALDI;27/01/2016;20H00;21H00;DANSE ;COURS;TIGERACT AND CO
GARIBALDI;28/01/2016;09H00;12H00;ORGANISME PUBLIC;ATELIER;METROPOLE NICE COTE D'AZUR
GARIBALDI;28/01/2016;09H00;12H00;LOISIRS;COURS;L'ESCAPADE
GARIBALDI;28/01/2016;09H00;11H00;ACTIVITE BIEN ETRE;COURS;QI GONG & SANTE
GARIBALDI;28/01/2016;10H00;13H00;CULTURE;COURS;COLOMBIE COTE D'AZUR CCA
GARIBALDI;28/01/2016;10H00;11H00;SOCIAL;PERMANENCE;AS3P - ASSOCIATION DE SUIVI PSYCHOLOGIQUE POST-PENAL  
GARIBALDI;28/01/2016;11H00;12H00;ACTIVITE BIEN ETRE;COURS;MANGALAM
GARIBALDI;28/01/2016;13H00;15H00;LOISIRS;PERMANENCE;SAVA - SPORT ACTION VOYAGES AMITIE 
GARIBALDI;28/01/2016;13H00;16H00;SOCIAL;PERMANENCE;AXENCE
GARIBALDI;28/01/2016;14H00;16H00;SOCIAL;PERMANENCE;AXENCE
GARIBALDI;28/01/2016;14H00;17H00;ENSEIGNEMENT;CONFERENCE;UNIA - UNIVERSITE DE NICE INTER AGES
GARIBALDI;28/01/2016;14H00;16H00;CULTURE;ASSEMBLEE GENERALE;NICE PARIS CULTURE 
GARIBALDI;28/01/2016;15H00;17H00;ENSEIGNEMENT;REUNION;ASSOUCIACIOUN DOU MALOUNAT
GARIBALDI;28/01/2016;16H00;18H00;SOCIAL;PERMANENCE;AS3P - ASSOCIATION DE SUIVI PSYCHOLOGIQUE POST-PENAL  
GARIBALDI;28/01/2016;16H00;18H00;SOCIAL;PERMANENCE;ALETHEIA
GARIBALDI;28/01/2016;17H00;19H00;LOISIRS;COURS;L'ESCAPADE
GARIBALDI;28/01/2016;17H00;18H00;ACTIVITE BIEN ETRE;COURS;YOGADOR
GARIBALDI;28/01/2016;18H00;21H00;THEATRE;COURS;LE QUADRANT MAGIQUE
GARIBALDI;28/01/2016;18H00;21H00;COURS DE LANGUE;COURS;MANABI
GARIBALDI;28/01/2016;18H00;21H00;CULTURE;CONFERENCE;LES AMIS DE LA LIBERTE 
GARIBALDI;28/01/2016;18H00;19H00;SPORT;COURS;DAME D'AZUR - DA
GARIBALDI;28/01/2016;19H00;21H00;THEATRE;COURS;LE PETIT THEATRE DE LAURE
GARIBALDI;28/01/2016;19H00;21H00;COURS DE LANGUE;COURS;LET'S SPEAK IN ENGLISH
GARIBALDI;29/01/2016;09H00;13H00;CITOYENNETE;ASSEMBLEE GENERALE;FO - FORCE OUVRIERE
GARIBALDI;29/01/2016;10H00;12H00;SANTE;COURS;ANPAA06 - ASSOCIATION NATIONALE DE PREVENTION EN ALCOOLOGIE ET ADDICTOLOGIE -COMITE DES A M   
GARIBALDI;29/01/2016;14H00;17H00;SENIORS;REUNION;ACRAM - AMICALE DES CADRES ET RETRAITES DES ALPES MARITIMES
GARIBALDI;29/01/2016;15H00;17H00;CULTURE;CONFERENCE;DANTE ALIGHIERI
GARIBALDI;29/01/2016;18H00;21H00;SPECTACLE VIVANT;COURS;LA COMPAGNIE DE L'INVENT'ERE
GARIBALDI;29/01/2016;19H00;21H00;ACTIVITE BIEN ETRE;COURS;DE L'ETOILE O SAMA
GARIBALDI;30/01/2016;10H00;13H00;CULTURE;COURS;FRANCE RUSSIE
GARIBALDI;30/01/2016;10H00;13H00;ENSEIGNEMENT;CONFERENCE;GMSPP - GROUPE MEDITERRANEEN DE LA SOCIETE PSYCHANALYTIQUE DE PARIS
GARIBALDI;30/01/2016;10H00;13H00;CULTURE;REUNION;AEFL - ASSOCIATION D'ETUDES DE FREUD ET LACAN
GARIBALDI;30/01/2016;10H00;13H00;CULTURE;COURS;FRANCE RUSSIE
GARIBALDI;30/01/2016;10H00;13H00;CULTURE;COURS;FRANCE RUSSIE
GARIBALDI;30/01/2016;10H00;13H00;DANSE ;COURS;TIGERACT AND CO
GARIBALDI;30/01/2016;10H00;12H00;HANDICAP;ASSEMBLEE GENERALE;LE CHEMIN DES REVES
GARIBALDI;30/01/2016;14H00;15H00;CULTURE;COURS;FRANCE RUSSIE
GARIBALDI;30/01/2016;14H00;18H00;ACTIVITE BIEN ETRE;COURS;LES COULEURS DU CIEL ART THERAPIE ET YOGA
GARIBALDI;30/01/2016;14H00;15H00;CULTURE;COURS;FRANCE RUSSIE
GARIBALDI;30/01/2016;14H00;16H00;SANTE;COURS;COMITE DES ALPES MARITIMES DE LA LIGUE CONTRE LE CANCER
GARIBALDI;30/01/2016;15H00;17H00;SPECTACLE VIVANT;LOGE;LA COMPAGNIE DE L'INVENT'ERE
GARIBALDI;30/01/2016;15H00;16H00;SPECTACLE VIVANT;SPECTACLE;LA COMPAGNIE DE L'INVENT'ERE
GARIBALDI;30/01/2016;15H00;17H00;CULTURE;REUNION;ASSOCIATION LITTERAIRE PAGES DU SUD
GARIBALDI;30/01/2016;15H00;18H00;CULTURE;REUNION;COMMUNAUTE GRECQUE DES ALPES-MARITIMES CGDAM
GARIBALDI;30/01/2016;18H00;21H00;CULTURE;SPECTACLE;COMMUNAUTE GRECQUE DES ALPES-MARITIMES CGDAM
LIBERATION;30/01/2016;10H00;12H00;LOISIRS;COURS;ASM - ARTS SACRES DU MONDE
LIBERATION;30/01/2016;13H00;15H00;LOISIRS;COURS;ASM - ARTS SACRES DU MONDE
LIBERATION;30/01/2016;16H00;18H00;ACTIVITE BIEN ETRE;ATELIER;LA VOIE ZEN GESTION DU STRESS
NICE-CENTRE;25/01/2016;15H00;18H00;COURS DE LANGUE;COURS;FRANCE GRANDE BRETAGNE
NICE-CENTRE;25/01/2016;18H00;21H00;ENSEIGNEMENT;COURS;AMICALE DES POLONAIS NICE - COTE D'AZUR
NICE-CENTRE;25/01/2016;18H00;20H00;CITOYENNETE;;ENGAGEMENT CITOYEN POUR LA FRANCE
NICE-CENTRE;26/01/2016;10H00;17H00;COURS DE LANGUE;COURS;FRANCE GRANDE BRETAGNE
NICE-CENTRE;26/01/2016;18H00;21H00;EMPLOI;FORMATION;APPASCAM ASS. PROMOTION ET PROFESSIONALISATION DE L'ANIMATION SPORTIVE ET CULTURELLE DANS LES A.M.
NICE-CENTRE;26/01/2016;18H00;21H00;THEATRE;REPETITION;COMPAGNIE AU BALCON
NICE-CENTRE;26/01/2016;19H00;21H00;CULTURE;REUNION;AEFL - ASSOCIATION D'ETUDES DE FREUD ET LACAN
NICE-CENTRE;27/01/2016;10H00;13H00;SOCIAL;REUNION;CHRYSALIDES
NICE-CENTRE;27/01/2016;10H00;11H00;EMPLOI;REUNION;SNC - SOLIDARITES NOUVELLES FACE AU CHOMAGE
NICE-CENTRE;27/01/2016;13H00;19H00;SOCIAL;PERMANENCE;CHRYSALIDES
NICE-CENTRE;27/01/2016;13H00;19H00;SOCIAL;REUNION;CHRYSALIDES
NICE-CENTRE;27/01/2016;13H00;17H00;SOCIAL;REUNION;CHRYSALIDES
NICE-CENTRE;27/01/2016;13H00;16H00;HANDICAP;REUNION;SESSAD LES NOISETIERS
NICE-CENTRE;27/01/2016;17H00;19H00;ACTIVITE BIEN ETRE;COURS;SHANTI-YOGA
NICE-CENTRE;27/01/2016;18H00;20H00;SANTE;REUNION;OA - OUTRE-MANGEURS ANONYMES
NICE-CENTRE;28/01/2016;09H00;17H00;EMPLOI;REUNION;CLAIE - COORDINATION LOCALE ET APPUI AUX INITIATIVES DANS L'ECONOMIE SOCIALE ET SOLIDAIRE
NICE-CENTRE;28/01/2016;09H00;12H00;ORGANISME PUBLIC;REUNION;SVA SERVICE DE LA VIE ASSOCIATIVE
NICE-CENTRE;28/01/2016;13H00;14H00;SOCIAL;PERMANENCE;AS3P - ASSOCIATION DE SUIVI PSYCHOLOGIQUE POST-PENAL  
NICE-CENTRE;28/01/2016;15H00;18H00;CULTURE;COURS;AFA - FRANCE ALLEMAGNE COTE D'AZUR
NICE-CENTRE;28/01/2016;17H00;21H00;CULTURE;COURS;"ASSOCIATION NICOISE ""CHINE HORIZON"""
NICE-CENTRE;28/01/2016;18H00;19H00;CULTURE;COURS;ACADEMIA NISSARDA
NICE-CENTRE;28/01/2016;18H00;19H00;CULTURE;COURS;ACADEMIA NISSARDA
NICE-CENTRE;29/01/2016;09H00;17H00;EMPLOI;REUNION;CLAIE - COORDINATION LOCALE ET APPUI AUX INITIATIVES DANS L'ECONOMIE SOCIALE ET SOLIDAIRE
NICE-CENTRE;29/01/2016;11H00;12H00;ORGANISME PUBLIC;REUNION;SVA ANIMATIONS
NICE-CENTRE;29/01/2016;18H00;20H00;CULTURE;COURS;OKINAWA
NICE-CENTRE;29/01/2016;18H00;21H00;THEATRE;COURS;LE QUADRANT MAGIQUE
NICE-CENTRE;29/01/2016;18H00;21H00;THEATRE;COURS;LE QUADRANT MAGIQUE
NICE-CENTRE;29/01/2016;18H00;21H00;THEATRE;COURS;COUR ET JARDIN
NICE-CENTRE;29/01/2016;18H00;21H00;THEATRE;COURS;LE QUADRANT MAGIQUE
NICE-CENTRE;29/01/2016;19H00;21H00;ENSEIGNEMENT;REUNION;AMICALE DES POLONAIS NICE - COTE D'AZUR
NICE-CENTRE;30/01/2016;10H00;11H00;ENVIRONNEMENT;COURS;TEAMDEFIS
NICE-CENTRE;30/01/2016;10H00;12H00;SPORT;COURS;DAME D'AZUR - DA
NICE-CENTRE;30/01/2016;11H00;13H00;ACTIVITE BIEN ETRE;COURS;SHANTI-YOGA
NICE-EST SAINT ROCH;25/01/2016;09H00;21H00;PROXIMITE;OCCUPATION PERMANENTE;MISSION LOCALE COMMUNAUTAIRE
NICE-EST SAINT ROCH;25/01/2016;09H00;21H00;ENSEIGNEMENT;OCCUPATION PERMANENTE;IFAC - INSTITUT DE FORMATION, D'ANIMATION ET DE CONSEIL
NICE-EST SAINT ROCH;25/01/2016;09H00;11H00;COURS DE LANGUE;COURS;PLANETE ASIE 
NICE-EST SAINT ROCH;25/01/2016;09H00;12H00;SENIORS;COURS;CONSEIL DES SENIORS DE NICE 
NICE-EST SAINT ROCH;25/01/2016;09H00;21H00;ENSEIGNEMENT;OCCUPATION PERMANENTE;IFAC - INSTITUT DE FORMATION, D'ANIMATION ET DE CONSEIL
NICE-EST SAINT ROCH;25/01/2016;09H00;20H00;SOCIAL;COURS;AZUR ENTRAIDE
NICE-EST SAINT ROCH;25/01/2016;09H00;12H00;CITOYENNETE;COURS;POLICE MUNICIPALE MAIRIE DE NICE
NICE-EST SAINT ROCH;25/01/2016;09H00;21H00;EMPLOI;OCCUPATION PERMANENTE;AGIRabcd06  - ASS. GRALE DES INTERVENANTS RETRAITES 
NICE-EST SAINT ROCH;25/01/2016;09H00;13H00;ORGANISME PUBLIC;COURS;POLE EDUCATION ROUTIERE
NICE-EST SAINT ROCH;25/01/2016;09H00;21H00;ORGANISME PUBLIC;OCCUPATION PERMANENTE;CONSEIL DEPARTEMENTAL DES ALPES-MARITIMES
NICE-EST SAINT ROCH;25/01/2016;09H00;21H00;PROXIMITE;OCCUPATION PERMANENTE;MISSION LOCALE COMMUNAUTAIRE
NICE-EST SAINT ROCH;25/01/2016;09H00;21H00;PROXIMITE;OCCUPATION PERMANENTE;MISSION LOCALE COMMUNAUTAIRE
NICE-EST SAINT ROCH;25/01/2016;09H00;21H00;ORGANISME PUBLIC;OCCUPATION PERMANENTE;CONSEIL DEPARTEMENTAL DES ALPES-MARITIMES
NICE-EST SAINT ROCH;25/01/2016;09H00;21H00;PROXIMITE;OCCUPATION PERMANENTE;MISSION LOCALE COMMUNAUTAIRE
NICE-EST SAINT ROCH;25/01/2016;09H00;21H00;SENIORS;OCCUPATION PERMANENTE;CONSEIL DES SENIORS DE NICE 
NICE-EST SAINT ROCH;25/01/2016;09H00;21H00;PROXIMITE;OCCUPATION PERMANENTE;MISSION LOCALE COMMUNAUTAIRE
NICE-EST SAINT ROCH;25/01/2016;09H00;21H00;SENIORS;OCCUPATION PERMANENTE;CONSEIL DES SENIORS DE NICE 
NICE-EST SAINT ROCH;25/01/2016;10H00;20H00;SOCIAL;COURS;AZUR ENTRAIDE
NICE-EST SAINT ROCH;25/01/2016;13H00;20H00;SOCIAL;COURS;AZUR ENTRAIDE
NICE-EST SAINT ROCH;25/01/2016;15H00;18H00;THEATRE;COURS;POIVRE ET SEL
NICE-EST SAINT ROCH;25/01/2016;16H00;20H00;SOCIAL;COURS;AZUR ENTRAIDE
NICE-EST SAINT ROCH;25/01/2016;16H00;19H00;CHANT;COURS;COL CANTO
NICE-EST SAINT ROCH;25/01/2016;16H00;19H00;SOCIAL;COURS;AZUR ENTRAIDE
NICE-EST SAINT ROCH;25/01/2016;17H00;18H00;DANSE ;COURS;MOUVANCES
NICE-EST SAINT ROCH;25/01/2016;17H00;19H00;SOUTIEN SCOLAIRE;COURS;APPESE - ASS. POUR LA PROMOTION DE LA PREVENTION ET DE L'ECONOMIE SOCIALE EN EUROPE
NICE-EST SAINT ROCH;25/01/2016;18H00;21H00;DANSE ;COURS;CORPS & GRAPHIK
NICE-EST SAINT ROCH;25/01/2016;18H00;20H00;ACTIVITE BIEN ETRE;COURS;LES PONTS DES PIES
NICE-EST SAINT ROCH;25/01/2016;19H00;21H00;DANSE ;COURS;TRINITE COUNTRY
NICE-EST SAINT ROCH;25/01/2016;19H00;21H00;ENSEIGNEMENT;COURS;PRM - PREVENIR REAGIR MAITRISER
NICE-EST SAINT ROCH;26/01/2016;09H00;21H00;PROXIMITE;OCCUPATION PERMANENTE;MISSION LOCALE COMMUNAUTAIRE
NICE-EST SAINT ROCH;26/01/2016;09H00;17H00;SOCIAL;COURS;ALAID
NICE-EST SAINT ROCH;26/01/2016;09H00;12H00;COMMUNICATION;ANIMATION;POLICE MUNICIPALE MAIRIE DE NICE
NICE-EST SAINT ROCH;26/01/2016;09H00;21H00;ENSEIGNEMENT;OCCUPATION PERMANENTE;IFAC - INSTITUT DE FORMATION, D'ANIMATION ET DE CONSEIL
NICE-EST SAINT ROCH;26/01/2016;09H00;20H00;SOCIAL;COURS;AZUR ENTRAIDE
NICE-EST SAINT ROCH;26/01/2016;09H00;21H00;PROXIMITE;OCCUPATION PERMANENTE;MISSION LOCALE COMMUNAUTAIRE
NICE-EST SAINT ROCH;26/01/2016;09H00;21H00;PROXIMITE;OCCUPATION PERMANENTE;MISSION LOCALE COMMUNAUTAIRE
NICE-EST SAINT ROCH;26/01/2016;09H00;12H00;HANDICAP;COURS;INSEIT INSTITUT INTERNATIONAL POUR L'ETUDE ET L'INTEGRATION DES NOUVELLES TECHNIQUES ET TECHNOLOGIES
NICE-EST SAINT ROCH;26/01/2016;09H00;13H00;ORGANISME PUBLIC;COURS;POLE EDUCATION ROUTIERE
NICE-EST SAINT ROCH;26/01/2016;09H00;21H00;ENSEIGNEMENT;OCCUPATION PERMANENTE;IFAC - INSTITUT DE FORMATION, D'ANIMATION ET DE CONSEIL
NICE-EST SAINT ROCH;26/01/2016;09H00;21H00;SENIORS;OCCUPATION PERMANENTE;CONSEIL DES SENIORS DE NICE 
NICE-EST SAINT ROCH;26/01/2016;09H00;21H00;PROXIMITE;OCCUPATION PERMANENTE;MISSION LOCALE COMMUNAUTAIRE
NICE-EST SAINT ROCH;26/01/2016;09H00;21H00;ORGANISME PUBLIC;OCCUPATION PERMANENTE;CONSEIL DEPARTEMENTAL DES ALPES-MARITIMES
NICE-EST SAINT ROCH;26/01/2016;09H00;21H00;PROXIMITE;OCCUPATION PERMANENTE;MISSION LOCALE COMMUNAUTAIRE
NICE-EST SAINT ROCH;26/01/2016;09H00;21H00;EMPLOI;OCCUPATION PERMANENTE;AGIRabcd06  - ASS. GRALE DES INTERVENANTS RETRAITES 
NICE-EST SAINT ROCH;26/01/2016;09H00;21H00;ORGANISME PUBLIC;OCCUPATION PERMANENTE;CONSEIL DEPARTEMENTAL DES ALPES-MARITIMES
NICE-EST SAINT ROCH;26/01/2016;09H00;21H00;SENIORS;OCCUPATION PERMANENTE;CONSEIL DES SENIORS DE NICE 
NICE-EST SAINT ROCH;26/01/2016;10H00;12H00;LOISIRS;COURS;INTERNET SENIORS 2
NICE-EST SAINT ROCH;26/01/2016;10H00;20H00;SOCIAL;COURS;AZUR ENTRAIDE
NICE-EST SAINT ROCH;26/01/2016;13H00;19H00;SOCIAL;COURS;AZUR ENTRAIDE
NICE-EST SAINT ROCH;26/01/2016;13H00;20H00;SOCIAL;COURS;AZUR ENTRAIDE
NICE-EST SAINT ROCH;26/01/2016;14H00;17H00;LOISIRS;COURS;LE CLAN DES BOULEGANS
NICE-EST SAINT ROCH;26/01/2016;14H00;17H00;SENIORS;COURS;CONSEIL DES SENIORS DE NICE 
NICE-EST SAINT ROCH;26/01/2016;14H00;16H00;LOISIRS;COURS;INTERNET SENIORS 2
NICE-EST SAINT ROCH;26/01/2016;16H00;19H00;CHANT;COURS;COL CANTO
NICE-EST SAINT ROCH;26/01/2016;16H00;20H00;SOCIAL;COURS;AZUR ENTRAIDE
NICE-EST SAINT ROCH;26/01/2016;17H00;20H00;SOCIAL;COURS;GFAA - GENERATION FEMMES D'AFRIQUE ET D'AILLEURS
NICE-EST SAINT ROCH;26/01/2016;17H00;19H00;SOUTIEN SCOLAIRE;COURS;APPESE - ASS. POUR LA PROMOTION DE LA PREVENTION ET DE L'ECONOMIE SOCIALE EN EUROPE
NICE-EST SAINT ROCH;26/01/2016;18H00;19H00;CULTURE;ATELIER;NUX VOMICA
NICE-EST SAINT ROCH;26/01/2016;18H00;20H00;ACTIVITE BIEN ETRE;COURS;LES PONTS DES PIES
NICE-EST SAINT ROCH;26/01/2016;18H00;19H00;CULTURE;COURS;FRANCE RUSSIE
NICE-EST SAINT ROCH;26/01/2016;18H00;20H00;ENSEIGNEMENT;REUNION;APW - ASSOCIATION DE PSYCHODYNAMIQUE WALLONIENNE
NICE-EST SAINT ROCH;26/01/2016;18H00;21H00;EMPLOI;COURS;ATHEMIS - ASSISTANCE DU TOURISME, L'HOTELLERIE ET LA MAIN D'OEUVRE INTERNATIONALE SPECIALISEE
NICE-EST SAINT ROCH;26/01/2016;19H00;21H00;DANSE ;COURS;CORPS & GRAPHIK
NICE-EST SAINT ROCH;26/01/2016;19H00;20H00;CULTURE;ATELIER;NUX VOMICA
NICE-EST SAINT ROCH;26/01/2016;19H00;20H00;CULTURE;COURS;COLOMBIE COTE D'AZUR CCA
NICE-EST SAINT ROCH;26/01/2016;19H00;20H00;CULTURE;ATELIER;NUX VOMICA
NICE-EST SAINT ROCH;26/01/2016;19H00;21H00;CULTURE;ATELIER;NUX VOMICA
NICE-EST SAINT ROCH;27/01/2016;09H00;16H00;EMPLOI;FORMATION;AGIRabcd06  - ASS. GRALE DES INTERVENANTS RETRAITES 
NICE-EST SAINT ROCH;27/01/2016;09H00;21H00;ENSEIGNEMENT;OCCUPATION PERMANENTE;IFAC - INSTITUT DE FORMATION, D'ANIMATION ET DE CONSEIL
NICE-EST SAINT ROCH;27/01/2016;09H00;12H00;HANDICAP;COURS;INSEIT INSTITUT INTERNATIONAL POUR L'ETUDE ET L'INTEGRATION DES NOUVELLES TECHNIQUES ET TECHNOLOGIES
NICE-EST SAINT ROCH;27/01/2016;09H00;12H00;SOCIAL;PERMANENCE;ATIAM - ASSOCIATION TUTELAIRE DES PERSONNES PROTEGEES DES ALPES MERIDIONALES
NICE-EST SAINT ROCH;27/01/2016;09H00;21H00;PROXIMITE;OCCUPATION PERMANENTE;MISSION LOCALE COMMUNAUTAIRE
NICE-EST SAINT ROCH;27/01/2016;09H00;20H00;SOCIAL;COURS;AZUR ENTRAIDE
NICE-EST SAINT ROCH;27/01/2016;09H00;21H00;ENSEIGNEMENT;OCCUPATION PERMANENTE;IFAC - INSTITUT DE FORMATION, D'ANIMATION ET DE CONSEIL
NICE-EST SAINT ROCH;27/01/2016;09H00;12H00;COMMUNICATION;ANIMATION;POLICE MUNICIPALE MAIRIE DE NICE
NICE-EST SAINT ROCH;27/01/2016;09H00;21H00;PROXIMITE;OCCUPATION PERMANENTE;MISSION LOCALE COMMUNAUTAIRE
NICE-EST SAINT ROCH;27/01/2016;09H00;11H00;COURS DE LANGUE;COURS;PLANETE ASIE 
NICE-EST SAINT ROCH;27/01/2016;09H00;21H00;PROXIMITE;OCCUPATION PERMANENTE;MISSION LOCALE COMMUNAUTAIRE
NICE-EST SAINT ROCH;27/01/2016;09H00;12H00;SOCIAL;PERMANENCE;ATIAM - ASSOCIATION TUTELAIRE DES PERSONNES PROTEGEES DES ALPES MERIDIONALES
NICE-EST SAINT ROCH;27/01/2016;09H00;21H00;PROXIMITE;OCCUPATION PERMANENTE;MISSION LOCALE COMMUNAUTAIRE
NICE-EST SAINT ROCH;27/01/2016;09H00;21H00;SENIORS;OCCUPATION PERMANENTE;CONSEIL DES SENIORS DE NICE 
NICE-EST SAINT ROCH;27/01/2016;09H00;21H00;PROXIMITE;OCCUPATION PERMANENTE;MISSION LOCALE COMMUNAUTAIRE
NICE-EST SAINT ROCH;27/01/2016;09H00;21H00;ORGANISME PUBLIC;OCCUPATION PERMANENTE;CONSEIL DEPARTEMENTAL DES ALPES-MARITIMES
NICE-EST SAINT ROCH;27/01/2016;09H00;21H00;EMPLOI;OCCUPATION PERMANENTE;AGIRabcd06  - ASS. GRALE DES INTERVENANTS RETRAITES 
NICE-EST SAINT ROCH;27/01/2016;09H00;21H00;ORGANISME PUBLIC;OCCUPATION PERMANENTE;CONSEIL DEPARTEMENTAL DES ALPES-MARITIMES
NICE-EST SAINT ROCH;27/01/2016;09H00;21H00;SENIORS;OCCUPATION PERMANENTE;CONSEIL DES SENIORS DE NICE 
NICE-EST SAINT ROCH;27/01/2016;10H00;12H00;ACTIVITE BIEN ETRE;ATELIER;SYNERGIE OPTIMALE
NICE-EST SAINT ROCH;27/01/2016;10H00;20H00;SOCIAL;COURS;AZUR ENTRAIDE
NICE-EST SAINT ROCH;27/01/2016;11H00;13H00;SPECTACLE VIVANT;COURS;LA RAPPORTEUSE
NICE-EST SAINT ROCH;27/01/2016;13H00;14H00;SANTE;COURS;POLE PSY
NICE-EST SAINT ROCH;27/01/2016;14H00;16H00;COURS DE LANGUE;COURS;MANABI
NICE-EST SAINT ROCH;27/01/2016;14H00;18H00;SOCIAL;COURS;AZUR ENTRAIDE
NICE-EST SAINT ROCH;27/01/2016;14H00;16H00;COURS DE LANGUE;COURS;MANABI
NICE-EST SAINT ROCH;27/01/2016;14H00;18H00;SOCIAL;COURS;AZUR ENTRAIDE
NICE-EST SAINT ROCH;27/01/2016;14H00;16H00;ACTIVITE BIEN ETRE;COURS;ASSOCIATION POUR L'ART DU MIEUX ETRE
NICE-EST SAINT ROCH;27/01/2016;15H00;21H00;DANSE ;COURS;L'DANSE
NICE-EST SAINT ROCH;27/01/2016;15H00;18H00;CITOYENNETE;COURS;SEL NICE AZUR PROVENCE 
NICE-EST SAINT ROCH;27/01/2016;15H00;16H00;SANTE;COURS;LE MIROIR DE MISCHA
NICE-EST SAINT ROCH;27/01/2016;16H00;17H00;SANTE;COURS;LE MIROIR DE MISCHA
NICE-EST SAINT ROCH;27/01/2016;16H00;20H00;SOCIAL;COURS;AZUR ENTRAIDE
NICE-EST SAINT ROCH;27/01/2016;17H00;20H00;DANSE ;COURS;APOLLO DANSE
NICE-EST SAINT ROCH;27/01/2016;18H00;21H00;THEATRE;COURS;COUR ET JARDIN
NICE-EST SAINT ROCH;27/01/2016;18H00;21H00;THEATRE;COURS;COUR ET JARDIN
NICE-EST SAINT ROCH;27/01/2016;18H00;21H00;THEATRE;COURS;COUR ET JARDIN
NICE-EST SAINT ROCH;27/01/2016;18H00;20H00;COURS DE LANGUE;COURS;PLANETE ASIE 
NICE-EST SAINT ROCH;27/01/2016;18H00;20H00;CULTURE;COURS;INSTITUT D'ETUDES OCCITANES - IEO06
NICE-EST SAINT ROCH;27/01/2016;18H00;20H00;MUSIQUE;COURS;DELICES DE MUSIQUE ANCIENNE
NICE-EST SAINT ROCH;27/01/2016;18H00;21H00;THEATRE;COURS;COUR ET JARDIN
NICE-EST SAINT ROCH;27/01/2016;18H00;21H00;CULTURE;REUNION;ASPACA - ASSOCIATION SENEGALAISE PROVENCE ALPES COTE D'AZUR
NICE-EST SAINT ROCH;27/01/2016;19H00;21H00;DANSE ;COURS;AMERICAN NEW COUNTRY ATTITUDE - ANCA
NICE-EST SAINT ROCH;28/01/2016;09H00;12H00;COMMUNICATION;ANIMATION;POLICE MUNICIPALE MAIRIE DE NICE
NICE-EST SAINT ROCH;28/01/2016;09H00;18H00;HUMANITAIRE;REUNION;ECTI - ECHANGES ET CONSULTATIONS PROFESSIONNELS SENIORS BENEVOLES
NICE-EST SAINT ROCH;28/01/2016;09H00;21H00;ORGANISME PUBLIC;OCCUPATION PERMANENTE;CONSEIL DEPARTEMENTAL DES ALPES-MARITIMES
NICE-EST SAINT ROCH;28/01/2016;09H00;20H00;SOCIAL;COURS;AZUR ENTRAIDE
NICE-EST SAINT ROCH;28/01/2016;09H00;21H00;EMPLOI;OCCUPATION PERMANENTE;AGIRabcd06  - ASS. GRALE DES INTERVENANTS RETRAITES 
NICE-EST SAINT ROCH;28/01/2016;09H00;21H00;ENSEIGNEMENT;OCCUPATION PERMANENTE;IFAC - INSTITUT DE FORMATION, D'ANIMATION ET DE CONSEIL
NICE-EST SAINT ROCH;28/01/2016;09H00;21H00;SENIORS;OCCUPATION PERMANENTE;CONSEIL DES SENIORS DE NICE 
NICE-EST SAINT ROCH;28/01/2016;09H00;21H00;ORGANISME PUBLIC;OCCUPATION PERMANENTE;CONSEIL DEPARTEMENTAL DES ALPES-MARITIMES
NICE-EST SAINT ROCH;28/01/2016;09H00;21H00;SENIORS;OCCUPATION PERMANENTE;CONSEIL DES SENIORS DE NICE 
NICE-EST SAINT ROCH;28/01/2016;09H00;21H00;PROXIMITE;OCCUPATION PERMANENTE;MISSION LOCALE COMMUNAUTAIRE
NICE-EST SAINT ROCH;28/01/2016;09H00;21H00;ENSEIGNEMENT;OCCUPATION PERMANENTE;IFAC - INSTITUT DE FORMATION, D'ANIMATION ET DE CONSEIL
NICE-EST SAINT ROCH;28/01/2016;09H00;21H00;PROXIMITE;OCCUPATION PERMANENTE;MISSION LOCALE COMMUNAUTAIRE
NICE-EST SAINT ROCH;28/01/2016;09H00;21H00;PROXIMITE;OCCUPATION PERMANENTE;MISSION LOCALE COMMUNAUTAIRE
NICE-EST SAINT ROCH;28/01/2016;09H00;21H00;PROXIMITE;OCCUPATION PERMANENTE;MISSION LOCALE COMMUNAUTAIRE
NICE-EST SAINT ROCH;28/01/2016;09H00;21H00;PROXIMITE;OCCUPATION PERMANENTE;MISSION LOCALE COMMUNAUTAIRE
NICE-EST SAINT ROCH;28/01/2016;10H00;11H00;ACTIVITE BIEN ETRE;COURS;ASSOCIATION POUR L'ART DU MIEUX ETRE
NICE-EST SAINT ROCH;28/01/2016;10H00;12H00;ORGANISME PUBLIC;REUNION;MAIRIE DE NICE
NICE-EST SAINT ROCH;28/01/2016;10H00;20H00;SOCIAL;COURS;AZUR ENTRAIDE
NICE-EST SAINT ROCH;28/01/2016;12H00;13H00;DANSE ;COURS;LOS TIGRES TANGO
NICE-EST SAINT ROCH;28/01/2016;13H00;21H00;SOCIAL;COURS;AZUR ENTRAIDE
NICE-EST SAINT ROCH;28/01/2016;13H00;19H00;SOCIAL;COURS;AZUR ENTRAIDE
NICE-EST SAINT ROCH;28/01/2016;14H00;17H00;ACTIVITE MANUELLE;REUNION;LES COUSETTES
NICE-EST SAINT ROCH;28/01/2016;14H00;15H00;EMPLOI;COURS;SNC - SOLIDARITES NOUVELLES FACE AU CHOMAGE
NICE-EST SAINT ROCH;28/01/2016;14H00;15H00;DANSE ;COURS;AZUR BALLET
NICE-EST SAINT ROCH;28/01/2016;14H00;17H00;SPORT;COURS;"YAMATO BUDO ""SPORT POUR TOUS"""
NICE-EST SAINT ROCH;28/01/2016;14H00;17H00;SENIORS;REUNION;IRSEA - ASSOCIATION DES RETRAITES IRSEA DE NICE
NICE-EST SAINT ROCH;28/01/2016;14H00;16H00;SANTE;REUNION;TOUS CONTRE LA DOULEUR
NICE-EST SAINT ROCH;28/01/2016;15H00;16H00;EMPLOI;COURS;EXPLORATION PROFESSIONNELLE
NICE-EST SAINT ROCH;28/01/2016;16H00;20H00;SOCIAL;COURS;AZUR ENTRAIDE
NICE-EST SAINT ROCH;28/01/2016;17H00;19H00;CULTURE;COURS;FRANCE RUSSIE
NICE-EST SAINT ROCH;28/01/2016;18H00;21H00;CULTURE;REUNION;ASPACA - ASSOCIATION SENEGALAISE PROVENCE ALPES COTE D'AZUR
NICE-EST SAINT ROCH;28/01/2016;18H00;19H00;CULTURE;COURS;NUX VOMICA
NICE-EST SAINT ROCH;28/01/2016;18H00;19H00;DANSE ;COURS;L'DANSE
NICE-EST SAINT ROCH;28/01/2016;18H00;19H00;DANSE ;COURS;MOUVANCES
NICE-EST SAINT ROCH;28/01/2016;18H00;21H00;SPECTACLE VIVANT;REUNION;LA COMPAGNIE DE L'INVENT'ERE
NICE-EST SAINT ROCH;28/01/2016;19H00;21H00;ACTIVITE BIEN ETRE;COURS;DE L'ETOILE O SAMA
NICE-EST SAINT ROCH;28/01/2016;19H00;21H00;MUSIQUE;ATELIER;NHA MITA PEREIRA
NICE-EST SAINT ROCH;28/01/2016;19H00;21H00;DANSE ;COURS;L'DANSE
NICE-EST SAINT ROCH;28/01/2016;19H00;21H00;CULTURE;COURS;COLOMBIE COTE D'AZUR CCA
NICE-EST SAINT ROCH;29/01/2016;09H00;21H00;PROXIMITE;OCCUPATION PERMANENTE;MISSION LOCALE COMMUNAUTAIRE
NICE-EST SAINT ROCH;29/01/2016;09H00;17H00;ENSEIGNEMENT;PERMANENCE;AMICALE DES POLONAIS NICE - COTE D'AZUR
NICE-EST SAINT ROCH;29/01/2016;09H00;12H00;COMMUNICATION;ANIMATION;POLICE MUNICIPALE MAIRIE DE NICE
NICE-EST SAINT ROCH;29/01/2016;09H00;20H00;SOCIAL;COURS;AZUR ENTRAIDE
NICE-EST SAINT ROCH;29/01/2016;09H00;21H00;ENSEIGNEMENT;OCCUPATION PERMANENTE;IFAC - INSTITUT DE FORMATION, D'ANIMATION ET DE CONSEIL
NICE-EST SAINT ROCH;29/01/2016;09H00;12H00;SPORT;COURS;"YAMATO BUDO ""SPORT POUR TOUS"""
NICE-EST SAINT ROCH;29/01/2016;09H00;21H00;ENSEIGNEMENT;OCCUPATION PERMANENTE;IFAC - INSTITUT DE FORMATION, D'ANIMATION ET DE CONSEIL
NICE-EST SAINT ROCH;29/01/2016;09H00;12H00;HANDICAP;COURS;INSEIT INSTITUT INTERNATIONAL POUR L'ETUDE ET L'INTEGRATION DES NOUVELLES TECHNIQUES ET TECHNOLOGIES
NICE-EST SAINT ROCH;29/01/2016;09H00;17H00;ENSEIGNEMENT;PERMANENCE;AMICALE DES POLONAIS NICE - COTE D'AZUR
NICE-EST SAINT ROCH;29/01/2016;09H00;21H00;EMPLOI;OCCUPATION PERMANENTE;AGIRabcd06  - ASS. GRALE DES INTERVENANTS RETRAITES 
NICE-EST SAINT ROCH;29/01/2016;09H00;21H00;PROXIMITE;OCCUPATION PERMANENTE;MISSION LOCALE COMMUNAUTAIRE
NICE-EST SAINT ROCH;29/01/2016;09H00;21H00;ORGANISME PUBLIC;OCCUPATION PERMANENTE;CONSEIL DEPARTEMENTAL DES ALPES-MARITIMES
NICE-EST SAINT ROCH;29/01/2016;09H00;11H00;ACTIVITE BIEN ETRE;COURS;AZUR SOLEIL ACCOMPAGNEMENT
NICE-EST SAINT ROCH;29/01/2016;09H00;21H00;SENIORS;OCCUPATION PERMANENTE;CONSEIL DES SENIORS DE NICE 
NICE-EST SAINT ROCH;29/01/2016;09H00;21H00;PROXIMITE;OCCUPATION PERMANENTE;MISSION LOCALE COMMUNAUTAIRE
NICE-EST SAINT ROCH;29/01/2016;09H00;21H00;ORGANISME PUBLIC;OCCUPATION PERMANENTE;CONSEIL DEPARTEMENTAL DES ALPES-MARITIMES
NICE-EST SAINT ROCH;29/01/2016;09H00;21H00;PROXIMITE;OCCUPATION PERMANENTE;MISSION LOCALE COMMUNAUTAIRE
NICE-EST SAINT ROCH;29/01/2016;09H00;21H00;SENIORS;OCCUPATION PERMANENTE;CONSEIL DES SENIORS DE NICE 
NICE-EST SAINT ROCH;29/01/2016;09H00;21H00;PROXIMITE;OCCUPATION PERMANENTE;MISSION LOCALE COMMUNAUTAIRE
NICE-EST SAINT ROCH;29/01/2016;10H00;12H00;COURS DE LANGUE;COURS;PLANETE ASIE 
NICE-EST SAINT ROCH;29/01/2016;11H00;12H00;ACTIVITE BIEN ETRE;COURS;AZUR SOLEIL ACCOMPAGNEMENT
NICE-EST SAINT ROCH;29/01/2016;13H00;20H00;SOCIAL;COURS;AZUR ENTRAIDE
NICE-EST SAINT ROCH;29/01/2016;16H00;19H00;CHANT;COURS;COL CANTO
NICE-EST SAINT ROCH;29/01/2016;16H00;19H00;SOCIAL;COURS;AZUR ENTRAIDE
NICE-EST SAINT ROCH;29/01/2016;16H00;19H00;ENVIRONNEMENT;REUNION;SDA - SOCIETE DE DEFENSE DES ANIMAUX
NICE-EST SAINT ROCH;29/01/2016;16H00;20H00;SOCIAL;COURS;AZUR ENTRAIDE
NICE-EST SAINT ROCH;29/01/2016;17H00;18H00;THEATRE;COURS;COMPAGNIE LA RESERVE
NICE-EST SAINT ROCH;29/01/2016;17H00;18H00;ARTS PLASTIQUES;COURS;LES GRENOUILLES QUI VOULAIENT VOLER
NICE-EST SAINT ROCH;29/01/2016;17H00;19H00;SOUTIEN SCOLAIRE;COURS;APPESE - ASS. POUR LA PROMOTION DE LA PREVENTION ET DE L'ECONOMIE SOCIALE EN EUROPE
NICE-EST SAINT ROCH;29/01/2016;18H00;21H00;CITOYENNETE;REUNION;CNR - COMITE POUR UNE NOUVELLE RESISTANCE 
NICE-EST SAINT ROCH;29/01/2016;18H00;20H00;ARTS PLASTIQUES;COURS;LES GRENOUILLES QUI VOULAIENT VOLER
NICE-EST SAINT ROCH;29/01/2016;18H00;21H00;SOCIAL;COURS;LECTURE POUR TOUS
NICE-EST SAINT ROCH;29/01/2016;19H00;21H00;THEATRE;COURS;PLAYS AND SONGS
NICE-EST SAINT ROCH;29/01/2016;20H00;21H00;ARTS PLASTIQUES;COURS;LES GRENOUILLES QUI VOULAIENT VOLER
NICE-EST SAINT ROCH;30/01/2016;10H00;13H00;SPECTACLE VIVANT;COURS;LA COMPAGNIE DE L'INVENT'ERE
NICE-EST SAINT ROCH;30/01/2016;10H00;12H00;SOCIAL;COURS;AZUR ENTRAIDE
NICE-EST SAINT ROCH;30/01/2016;10H00;13H00;THEATRE;COURS;ELLELIA
NICE-EST SAINT ROCH;30/01/2016;10H00;13H00;ORGANISME PUBLIC;OCCUPATION PERMANENTE;CONSEIL DEPARTEMENTAL DES ALPES-MARITIMES
NICE-EST SAINT ROCH;30/01/2016;10H00;13H00;CHANT;COURS;IL FAUT Y CROIRE
NICE-EST SAINT ROCH;30/01/2016;10H00;13H00;SOCIAL;REUNION;PARRAIN MARRAINE POUR M'ACCOMPAGNER
NICE-EST SAINT ROCH;30/01/2016;10H00;13H00;CULTURE;REUNION;ASSOCIATION FRANCO TAMOULS DE LA COTE D'AZUR
NICE-EST SAINT ROCH;30/01/2016;10H00;13H00;ENSEIGNEMENT;OCCUPATION PERMANENTE;IFAC - INSTITUT DE FORMATION, D'ANIMATION ET DE CONSEIL
NICE-EST SAINT ROCH;30/01/2016;10H00;13H00;SENIORS;OCCUPATION PERMANENTE;CONSEIL DES SENIORS DE NICE 
NICE-EST SAINT ROCH;30/01/2016;10H00;13H00;EMPLOI;COURS;ATHEMIS - ASSISTANCE DU TOURISME, L'HOTELLERIE ET LA MAIN D'OEUVRE INTERNATIONALE SPECIALISEE
NICE-EST SAINT ROCH;30/01/2016;10H00;13H00;SOCIAL;PERMANENCE;ANIS - ASSOCIATION NICE POUR L'INTEGRATION ET LA SOLIDARITE
NICE-EST SAINT ROCH;30/01/2016;10H00;13H00;ORGANISME PUBLIC;OCCUPATION PERMANENTE;CONSEIL DEPARTEMENTAL DES ALPES-MARITIMES
NICE-EST SAINT ROCH;30/01/2016;10H00;13H00;EMPLOI;OCCUPATION PERMANENTE;AGIRabcd06  - ASS. GRALE DES INTERVENANTS RETRAITES 
NICE-EST SAINT ROCH;30/01/2016;10H00;13H00;PROXIMITE;OCCUPATION PERMANENTE;MISSION LOCALE COMMUNAUTAIRE
NICE-EST SAINT ROCH;30/01/2016;10H00;13H00;SENIORS;OCCUPATION PERMANENTE;CONSEIL DES SENIORS DE NICE 
NICE-EST SAINT ROCH;30/01/2016;10H00;13H00;ENSEIGNEMENT;OCCUPATION PERMANENTE;IFAC - INSTITUT DE FORMATION, D'ANIMATION ET DE CONSEIL
NICE-EST SAINT ROCH;30/01/2016;10H00;13H00;PROXIMITE;OCCUPATION PERMANENTE;MISSION LOCALE COMMUNAUTAIRE
NICE-EST SAINT ROCH;30/01/2016;10H00;13H00;PROXIMITE;OCCUPATION PERMANENTE;MISSION LOCALE COMMUNAUTAIRE
NICE-EST SAINT ROCH;30/01/2016;10H00;13H00;PROXIMITE;OCCUPATION PERMANENTE;MISSION LOCALE COMMUNAUTAIRE
NICE-EST SAINT ROCH;30/01/2016;10H00;13H00;PROXIMITE;OCCUPATION PERMANENTE;MISSION LOCALE COMMUNAUTAIRE
NICE-EST SAINT ROCH;30/01/2016;11H00;13H00;SOCIAL;COURS;AZUR ENTRAIDE
NICE-EST SAINT ROCH;30/01/2016;14H00;18H00;PROXIMITE;OCCUPATION PERMANENTE;MISSION LOCALE COMMUNAUTAIRE
NICE-EST SAINT ROCH;30/01/2016;14H00;18H00;SOCIAL;COURS;CAUSETTE
NICE-EST SAINT ROCH;30/01/2016;14H00;17H00;CULTURE;COURS;ASSOCIATION FRANCO TAMOULS DE LA COTE D'AZUR
NICE-EST SAINT ROCH;30/01/2016;14H00;18H00;ENSEIGNEMENT;OCCUPATION PERMANENTE;IFAC - INSTITUT DE FORMATION, D'ANIMATION ET DE CONSEIL
NICE-EST SAINT ROCH;30/01/2016;14H00;18H00;ORGANISME PUBLIC;OCCUPATION PERMANENTE;CONSEIL DEPARTEMENTAL DES ALPES-MARITIMES
NICE-EST SAINT ROCH;30/01/2016;14H00;18H00;SANTE;CONFERENCE;ESPACE S'OUVRIR A LA PAROLE
NICE-EST SAINT ROCH;30/01/2016;14H00;18H00;ENSEIGNEMENT;OCCUPATION PERMANENTE;IFAC - INSTITUT DE FORMATION, D'ANIMATION ET DE CONSEIL
NICE-EST SAINT ROCH;30/01/2016;14H00;17H00;SOCIAL;REUNION;MENSA COTE D'AZUR
NICE-EST SAINT ROCH;30/01/2016;14H00;16H00;CULTURE;COURS;FRANCE RUSSIE
NICE-EST SAINT ROCH;30/01/2016;14H00;18H00;EMPLOI;OCCUPATION PERMANENTE;AGIRabcd06  - ASS. GRALE DES INTERVENANTS RETRAITES 
NICE-EST SAINT ROCH;30/01/2016;14H00;18H00;PROXIMITE;OCCUPATION PERMANENTE;MISSION LOCALE COMMUNAUTAIRE
NICE-EST SAINT ROCH;30/01/2016;14H00;17H00;CULTURE;PERMANENCE;LE RENDEZ-VOUS ASTROLOGIQUE
NICE-EST SAINT ROCH;30/01/2016;14H00;18H00;SOCIAL;COURS;AZUR ENTRAIDE
NICE-EST SAINT ROCH;30/01/2016;14H00;18H00;SENIORS;OCCUPATION PERMANENTE;CONSEIL DES SENIORS DE NICE 
NICE-EST SAINT ROCH;30/01/2016;14H00;18H00;HUMANITAIRE;ASSEMBLEE GENERALE;SEKOVIO PIERRE PEPIN
NICE-EST SAINT ROCH;30/01/2016;14H00;18H00;PROXIMITE;OCCUPATION PERMANENTE;MISSION LOCALE COMMUNAUTAIRE
NICE-EST SAINT ROCH;30/01/2016;14H00;18H00;ORGANISME PUBLIC;OCCUPATION PERMANENTE;CONSEIL DEPARTEMENTAL DES ALPES-MARITIMES
NICE-EST SAINT ROCH;30/01/2016;14H00;18H00;PROXIMITE;OCCUPATION PERMANENTE;MISSION LOCALE COMMUNAUTAIRE
NICE-EST SAINT ROCH;30/01/2016;14H00;18H00;SENIORS;OCCUPATION PERMANENTE;CONSEIL DES SENIORS DE NICE 
NICE-EST SAINT ROCH;30/01/2016;14H00;18H00;PROXIMITE;OCCUPATION PERMANENTE;MISSION LOCALE COMMUNAUTAIRE
NICE-EST SAINT ROCH;30/01/2016;15H00;17H00;LOISIRS;COURS;DANSONS
NICE-EST SAINT ROCH;30/01/2016;17H00;18H00;MUSIQUE;;NHA MITA PEREIRA
TRACHEL;25/01/2016;09H00;11H00;CULTURE;COURS;SZKOLA POLSKA - ASSOCIATION DES PARENTS D'ELEVES DE L'ECOLE POLONAISE DE NICE
TRACHEL;25/01/2016;12H00;14H00;ACTIVITE BIEN ETRE;COURS;LE BIEN ETRE PAR LE QI GONG
TRACHEL;25/01/2016;14H00;19H00;PROXIMITE;PERMANENCE;ASSOCIATION DU QUARTIER SAINT-ETIENNE
TRACHEL;27/01/2016;10H00;12H00;PROXIMITE;COURS;ASSOCIATION MEDIATION CITE
TRACHEL;27/01/2016;14H00;19H00;PROXIMITE;PERMANENCE;ASSOCIATION DU QUARTIER SAINT-ETIENNE
TRACHEL;28/01/2016;09H00;10H00;SOCIAL;DIVERS;ASSOCIATION ANTHROPOSOPHIQUE DE NICE 
TRACHEL;28/01/2016;18H00;19H00;SOCIAL;DIVERS;ASSOCIATION ANTHROPOSOPHIQUE DE NICE 
TRACHEL;29/01/2016;10H00;12H00;PROXIMITE;COURS;ASSOCIATION MEDIATION CITE
TRACHEL;29/01/2016;14H00;17H00;HANDICAP;DIVERS;URAPEDA PACA CORSE - UNION REGIONALE DES ASSOCIATIONS DE PARENTS D'ENFANTS DEFICIENTS AUDITIFS
TRACHEL;29/01/2016;18H00;21H00;HUMANITAIRE;REUNION;DENTAL ACTION NORD SUD
TRACHEL;30/01/2016;10H00;13H00;THEATRE;COURS;LE QUADRANT MAGIQUE
TRACHEL;30/01/2016;14H00;16H00;CULTURE;PERMANENCE;ASSOCIATION M'PARANO MAYOTTE NICE ALPES MARITIMES -976 -
TRACHEL;30/01/2016;16H00;18H00;CHANT;COURS;AILN - ASSOCIATION DES INTERPRETES LYRIQUES DE NICE
TRACHEL;30/01/2016;18H00;20H00;CULTURE;PERMANENCE;AMCTCN - ASSOCIATION MASSIWA POUR LA CULTURE ET LA TRADITION COMORIENNE A NICE
