Provenance;CODEZA;NOMZA;Dernière Mise à jour;Code Insee Commune Principale;Commune Principale;Propriétaire;Aménageur;Gestionnaire;Id_Intercommunalite;Intercommunalite;ANNEECREAT;Surface occupee Ha;Surface libre equipee Ha;Surface libre non equipee Ha;Surface des infrastructures Ha;Surface zone verte Ha;Surface Totale Ha;TxOccup;SurfaceDispo;SurfaceCommercialisable
OPENDATA41 - www.pilote41.fr;3;Parc d'Activités de Malakoff;26/3/2015 00:00:00;41009;Averdon;Agglopolys;;Agglopolys;200030385;Agglopolys - Communauté de l'agglomération de Blois;1993;7,39;0,00;4,47;0,88;0,00;12,76;62,28;4,47;11,87
OPENDATA41 - www.pilote41.fr;4;ZA de La Varenne;21/7/2015 00:00:00;41010;Azé;;La commune et CC du Pays de Vendôme;La commune et CC du Pays de Vendôme;244100251;Communauté de communes du Pays de Vendôme;1988;2,67;0,00;1,76;0,31;0,00;4,75;60,18;1,76;4,43
OPENDATA41 - www.pilote41.fr;8;Parc d'Activités Les Onze Arpents;20/3/2015 00:00:00;41018;Blois;3 Vals Aménagement;3 Vals Aménagement;Agglopolys;200030385;Agglopolys - Communauté de l'agglomération de Blois;1992;16,36;0,00;0,00;2,40;0,00;18,77;100,00;0,00;16,36
OPENDATA41 - www.pilote41.fr;9;Parc d'Activités Blois Nord-Villebarou;24/6/2015 00:00:00;41018;Blois;;Agglopolys;Agglopolys;200030385;Agglopolys - Communauté de l'agglomération de Blois;1959;317,67;0,00;0,00;41,56;0,63;359,86;100,00;0,00;317,67
OPENDATA41 - www.pilote41.fr;11;Parc d'Activités Duguesclin;20/3/2015 00:00:00;41018;Blois;Ville de Blois;Ville de Blois;Agglopolys;200030385;Agglopolys - Communauté de l'agglomération de Blois;1985;4,26;0,00;0,00;0,27;0,00;4,53;100,00;0,00;4,26
OPENDATA41 - www.pilote41.fr;13;Parc d'Activités des Grands Champs;20/3/2015 00:00:00;41018;Blois;Ville de Blois;Agglopolys;Agglopolys;200030385;Agglopolys - Communauté de l'agglomération de Blois;1989;28,93;0,00;0,00;1,78;1,23;31,96;100,00;0,00;28,93
OPENDATA41 - www.pilote41.fr;14;ZA des Guillons;22/4/2015 00:00:00;41020;Bonneveau;Commune / CC Vallées Loir et Braye;Commune / CC Vallées Loir et Braye;CC Vallées Loir et Braye;200040780;Communauté de communes Vallées Loir et Braye;1990;2,13;0,23;0,90;0,28;0,00;3,55;65,24;1,13;3,27
OPENDATA41 - www.pilote41.fr;15;ZAD des Granges Rouges;21/7/2015 00:00:00;41023;Bourré;La Mairie;CC du Cher à La Loire;CC du Cher à La Loire;244100764;Communauté de communes du Cher à la Loire;1985;15,10;0,00;2,90;0,46;0,00;18,47;83,88;2,90;18,00
OPENDATA41 - www.pilote41.fr;16;Zone Le Chêne;25/3/2015 00:00:00;41025;Bracieux;;;CC Grand Chambord;244100798;Communauté de communes du Grand Chambord;1993;6,37;1,84;0,00;0,54;0,00;8,76;77,50;1,84;8,22
OPENDATA41 - www.pilote41.fr;17;Zone Artisanale;20/3/2015 00:00:00;41028;Busloup;La commune;La commune;La commune;200040772;Communauté de communes du Perche et Haut-Vendômois;1965;4,24;0,00;0,00;0,19;0,00;4,44;100,00;0,00;4,24
OPENDATA41 - www.pilote41.fr;19;Parc d'Activités La Rozelle;25/3/2015 00:00:00;41031;Cellettes;Agglopolys;Agglopolys;Agglopolys;200030385;Agglopolys - Communauté de l'agglomération de Blois;1984;2,04;0,00;2,63;0,15;0,00;4,83;43,75;2,63;4,68
OPENDATA41 - www.pilote41.fr;20;Parc d'Activités de l'Artouillat;26/3/2015 00:00:00;41032;Chailles;Agglopolys;Agglopolys;Agglopolys;200030385;Agglopolys - Communauté de l'agglomération de Blois;1986;18,43;3,77;0,00;2,49;0,39;25,10;82,99;3,77;22,20
OPENDATA41 - www.pilote41.fr;21;ZA de la Trocherie;18/6/2015 00:00:00;41046;Chaumont-sur-Tharonne;;CC Cœur de Sologne;CC Cœur de Sologne;200000800;Communauté de communes Cœur de Sologne;1994;2,27;0,00;0,00;0,29;0,00;2,56;100,00;0,00;2,27
OPENDATA41 - www.pilote41.fr;22;ZAD de la Plante;27/3/2015 00:00:00;41049;Chémery;;CC Val-de-Cher - Controis;CC Val-de-Cher - Controis;200040863;Communauté de communes Val-de-Cher - Controis;1990;0,95;0,00;0,00;0,00;0,00;0,95;100,00;0,00;0,95
OPENDATA41 - www.pilote41.fr;24;ZA des Barreliers;16/6/2015 00:00:00;41059;Contres;;CC Val-de-Cher - Controis;CC Val-de-Cher - Controis;200040863;Communauté de communes Val-de-Cher - Controis;1974;96,56;2,93;69,67;7,44;3,26;179,88;57,07;72,61;169,17
OPENDATA41 - www.pilote41.fr;25;ZA Le Charme;2/4/2015 00:00:00;41060;Cormenon;;CC des Collines du Perche;CC des Collines du Perche;244100293;Communauté de communes des Collines du Perche;1975;1,05;0,00;0,00;0,00;0,00;1,05;100,00;0,00;1,05
OPENDATA41 - www.pilote41.fr;26;ZI Le Boulay;3/4/2015 00:00:00;41060;Cormenon;;CC des Collines du Perche;CC des Collines du Perche;244100293;Communauté de communes des Collines du Perche;1975;10,42;3,77;4,86;0,14;0,00;19,20;54,67;8,63;19,06
OPENDATA41 - www.pilote41.fr;27;Zone Artisanale;20/3/2015 00:00:00;41068;Courmemin;La commune;La commune;La commune;244100798;Communauté de communes du Grand Chambord;1993;0,20;2,24;0,00;0,48;0,20;3,14;8,48;2,24;2,45
OPENDATA41 - www.pilote41.fr;28;ZA des Poulinières;21/5/2015 00:00:00;41073;Danzé;CC du Pays de Vendôme;CC du Pays de Vendôme;CC du Pays de Vendôme;244100251;Communauté de communes du Pays de Vendôme;1989;3,23;0,86;3,40;0,00;0,00;7,50;43,04;4,27;7,50
OPENDATA41 - www.pilote41.fr;29;ZA de Maupas;25/6/2015 00:00:00;41074;Dhuizon;;La commune;La commune;244100780;Communauté de communes de la Sologne des Etangs;1993;2,25;0,00;0,00;0,24;0,00;2,50;100,00;0,00;2,25
OPENDATA41 - www.pilote41.fr;31;ZA La Moussière;20/3/2015 00:00:00;41075;Droué;CC Perche Vendômois;CC Perche Vendômois;CC Perche et Haut-Vendômois;200040772;Communauté de communes du Perche et Haut-Vendômois;1984;6,14;2,82;0,00;0,56;0,00;9,53;68,48;2,82;8,97
OPENDATA41 - www.pilote41.fr;32;Zone de la Varenne;13/5/2015 00:00:00;41087;Fontaine-les-Coteaux;CC Vallées Loir et Braye;CC Vallées Loir et Braye;CC Vallées Loir et Braye;200040780;Communauté de communes Vallées Loir et Braye;1977;2,53;0,00;0,92;0,00;0,00;3,45;73,23;0,92;3,45
OPENDATA41 - www.pilote41.fr;34;Parc d'Activités Euro Val de Loire Fossé-Marolles-Villebarou;20/3/2015 00:00:00;41091;Fossé;C.C.I.;C.C.I.;C.C.I.;200030385;Agglopolys - Communauté de l'agglomération de Blois;1987;41,55;8,19;3,88;4,28;0,81;58,72;77,47;12,07;53,62
OPENDATA41 - www.pilote41.fr;35;ZA de l'Ardilleux;30/3/2015 00:00:00;41094;Fresnes;;CC Val-de-Cher - Controis;CC Val-de-Cher - Controis;200040863;Communauté de communes Val-de-Cher - Controis;1986;4,65;0,00;0,00;0,49;0,00;5,14;100,00;0,00;4,65
OPENDATA41 - www.pilote41.fr;37;ZA du Grand Chêne;20/3/2015 00:00:00;41097;Gièvres;;;La commune;200018406;Communauté de communes du Romorantinais et du Monestois;1982;2,72;0,00;2,02;0,47;0,00;5,21;57,38;2,02;4,74
OPENDATA41 - www.pilote41.fr;38;Parc d'Activités La Tremblaie;26/3/2015 00:00:00;41101;Herbault;La commune;La Mairie;Agglopolys;200030385;Agglopolys - Communauté de l'agglomération de Blois;1991;4,23;0,00;0,78;0,23;0,00;5,25;84,36;0,78;5,02
OPENDATA41 - www.pilote41.fr;41;Parc d'Activités Euro Val de Loire - Les Gailletrous I;20/3/2015 00:00:00;41047;Chaussée-Saint-Victor;;C.C.I.;Agglopolys;200030385;Agglopolys - Communauté de l'agglomération de Blois;1982;28,01;0,00;0,00;4,30;0,00;32,32;100,00;0,00;28,01
OPENDATA41 - www.pilote41.fr;42;Parc d'Activités Euro Val de Loire-Parc A10 Nord;20/3/2015 00:00:00;41047;Chaussée-Saint-Victor;C.C.I.;C.C.I.;C.C.I.;200030385;Agglopolys - Communauté de l'agglomération de Blois;2000;16,75;0,00;0,00;2,74;25,58;45,07;100,00;0,00;16,75
OPENDATA41 - www.pilote41.fr;43;Parc d'Activités Euro Val de Loire - Les Gailletrous II;20/3/2015 00:00:00;41047;Chaussée-Saint-Victor;C.C.I.;C.C.I.;C.C.I.;200030385;Agglopolys - Communauté de l'agglomération de Blois;1995;6,45;0,00;0,00;1,03;0,00;7,48;100,00;0,00;6,45
OPENDATA41 - www.pilote41.fr;44;Parc d'Activités du Grain d'Or;20/3/2015 00:00:00;41047;Chaussée-Saint-Victor;;3 Vals Aménagement;Agglopolys;200030385;Agglopolys - Communauté de l'agglomération de Blois;1978;7,46;0,00;0,00;0,39;0,00;7,85;100,00;0,00;7,46
OPENDATA41 - www.pilote41.fr;46;ZA La Futaie;20/3/2015 00:00:00;41085;Ferté-Saint-Cyr;La commune;;CC Grand Chambord;244100798;Communauté de communes du Grand Chambord;1991;1,63;1,78;2,94;0,51;0,00;6,86;25,73;4,72;6,35
OPENDATA41 - www.pilote41.fr;47;ZA-ZI Le Bourg;28/5/2015 00:00:00;41275;Ville-aux-Clercs;CC du Pays de Vendôme;CC du Pays de Vendôme;CC du Pays de Vendôme;244100251;Communauté de communes du Pays de Vendôme;1964;3,12;1,38;0,00;0,56;0,00;5,07;69,28;1,38;4,51
OPENDATA41 - www.pilote41.fr;48;Zone des Hauts Noirs;1/7/2015 00:00:00;41106;Lamotte-Beuvron;La Mairie;CC Cœur de Sologne;CC Cœur de Sologne;200000800;Communauté de communes Cœur de Sologne;1983;42,04;3,83;0,00;3,91;0,45;50,24;91,65;3,83;45,87
OPENDATA41 - www.pilote41.fr;52;ZA de Villeprovert;28/5/2015 00:00:00;41120;Lunay;;CC du Pays de Vendôme;CC du Pays de Vendôme;244100251;Communauté de communes du Pays de Vendôme;1985;2,01;0,00;2,04;0,17;0,00;4,23;49,67;2,04;4,06
OPENDATA41 - www.pilote41.fr;53;Parc d'Activités du Courtois;27/3/2015 00:00:00;41134;Menars;Agglopolys;Agglopolys;Agglopolys;200030385;Agglopolys - Communauté de l'agglomération de Blois;1984;2,40;0,68;0,00;0,14;0,00;3,24;77,72;0,68;3,09
OPENDATA41 - www.pilote41.fr;54;ZA de Gaudet;20/3/2015 00:00:00;41135;Mennetou-sur-Cher;La commune;La commune;La commune;200018406;Communauté de communes du Romorantinais et du Monestois;1992;2,03;0,00;9,64;3,18;0,00;14,86;17,43;9,64;11,68
OPENDATA41 - www.pilote41.fr;55;Parc Industriel et Logistique des Portes de Chambord I;29/6/2015 00:00:00;41136;Mer;CC Beauce ligérienne;CC Beauce ligérienne;CC Beauce ligérienne;244100681;Communauté de communes de la Beauce Ligérienne;2000;156,08;43,98;0,00;32,73;11,37;244,18;78,01;43,98;200,07
OPENDATA41 - www.pilote41.fr;56;Zone Artisanale;20/3/2015 00:00:00;41140;Millançay;;La commune;La commune;244100780;Communauté de communes de la Sologne des Etangs;1990;1,24;0,00;0,00;0,05;0,00;1,29;100,00;0,00;1,24
OPENDATA41 - www.pilote41.fr;57;ZA de L'Entonnoir;3/4/2015 00:00:00;41143;Mondoubleau;;CC des Collines du Perche;CC des Collines du Perche;244100293;Communauté de communes des Collines du Perche;1975;10,17;0,00;0,00;0,84;0,00;11,02;100,00;0,00;10,17
OPENDATA41 - www.pilote41.fr;58;ZA La Rousselière;30/6/2015 00:00:00;41143;Mondoubleau;;CC des Collines du Perche;CC des Collines du Perche;244100293;Communauté de communes des Collines du Perche;1993;2,37;0,00;0,00;0,21;0,00;2,58;100,00;0,00;2,37
OPENDATA41 - www.pilote41.fr;59;Zone Les Morines;20/3/2015 00:00:00;41150;Mont-près-Chambord;La commune;La commune;CC Grand Chambord;244100798;Communauté de communes du Grand Chambord;1989;3,10;0,00;0,00;0,53;0,00;3,63;100,00;0,00;3,10
OPENDATA41 - www.pilote41.fr;60;ZA de Champ Chardon;20/3/2015 00:00:00;41150;Mont-près-Chambord;Commune;La commune;La commune;244100798;Communauté de communes du Grand Chambord;1985;4,29;0,00;0,00;0,52;0,00;4,82;100,00;0,00;4,29
OPENDATA41 - www.pilote41.fr;62;ZA de La Chambaudière;16/7/2015 00:00:00;41146;Monthou-sur-Cher;La commune;;CC du Cher à La Loire;244100764;Communauté de communes du Cher à la Loire;1984;8,74;1,09;3,83;1,13;0,00;14,81;63,93;4,93;13,67
OPENDATA41 - www.pilote41.fr;63;ZA communale "Le Champ de Caille";20/3/2015 00:00:00;41148;Montlivault;La commune;La commune;La commune;244100798;Communauté de communes du Grand Chambord;1997;1,35;0,00;0,00;0,08;0,00;1,43;100,00;0,00;1,35
OPENDATA41 - www.pilote41.fr;64;Zone Artisanale;20/5/2015 00:00:00;41149;Montoire-sur-le-Loir;La commune;La commune;La commune;200040780;Communauté de communes Vallées Loir et Braye;1970;5,57;2,50;0,00;1,18;0,00;9,26;68,95;2,50;8,08
OPENDATA41 - www.pilote41.fr;65;ZA du Clos de la Bonneterie;17/7/2015 00:00:00;41151;Montrichard;;CC du Cher à La Loire;CC du Cher à La Loire;244100764;Communauté de communes du Cher à la Loire;1963;32,87;0,46;0,00;3,43;0,00;36,78;98,59;0,46;33,34
OPENDATA41 - www.pilote41.fr;66;ZA du Bourg;20/3/2015 00:00:00;41154;Morée;La commune;;La commune;200040772;Communauté de communes du Perche et Haut-Vendômois;1978;1,48;0,00;0,00;0,05;0,00;1,54;100,00;0,00;1,48
OPENDATA41 - www.pilote41.fr;67;ZI de Villeprovert;24/6/2015 00:00:00;41154;Morée;;La commune;La commune;200040772;Communauté de communes du Perche et Haut-Vendômois;1978;5,69;0,00;0,00;0,21;0,00;5,90;100,00;0,00;5,69
OPENDATA41 - www.pilote41.fr;69;ZA La Bouchardière;18/6/2015 00:00:00;41158;Naveil;La commune;CC du Vendômois Rural;CC du Vendômois Rural;244100269;Communauté de communes du Vendômois Rural;1980;10,16;5,16;0,00;1,55;0,00;16,88;66,33;5,16;15,32
OPENDATA41 - www.pilote41.fr;70;ZA de la Croute;20/3/2015 00:00:00;41159;Neung-sur-Beuvron;;;La commune;244100780;Communauté de communes de la Sologne des Etangs;1993;3,36;0,26;0,00;0,45;0,00;4,08;92,75;0,26;3,62
OPENDATA41 - www.pilote41.fr;71;Zone Intercommunale - Ecoparc;10/4/2015 00:00:00;41159;Neung-sur-Beuvron;CC Sologne des étangs;CC Sologne des étangs;CC Sologne des Etangs;244100780;Communauté de communes de la Sologne des Etangs;1994;6,80;22,27;9,31;2,63;12,18;53,22;17,72;31,59;38,40
OPENDATA41 - www.pilote41.fr;73;Zone Les Loaittières;1/7/2015 00:00:00;41161;Nouan-le-Fuzelier;;CC Cœur de Sologne;CC Cœur de Sologne;200000800;Communauté de communes Cœur de Sologne;1982;22,08;2,10;10,18;1,04;0,00;35,41;64,24;12,28;34,37
OPENDATA41 - www.pilote41.fr;74;ZA Les Plantes;19/5/2015 00:00:00;41164;Noyers-sur-Cher;CC Val-de-Cher - Controis;CC Val-de-Cher - Controis;CC Val-de-Cher - Controis;200040863;Communauté de communes Val-de-Cher - Controis;1974;20,53;1,74;0,17;2,18;0,13;24,77;91,43;1,92;22,46
OPENDATA41 - www.pilote41.fr;75;Parc d'Activités de la Gare;26/3/2015 00:00:00;41167;Onzain;La commune;La commune;Agglopolys;200030385;Agglopolys - Communauté de l'agglomération de Blois;1976;8,58;0,00;1,34;0,94;2,90;13,77;86,49;1,34;9,92
OPENDATA41 - www.pilote41.fr;76;Parc d'Activités des Bois Blancs;20/3/2015 00:00:00;41167;Onzain;Des particuliers;;Agglopolys;200030385;Agglopolys - Communauté de l'agglomération de Blois;1960;4,41;0,00;0,00;0,06;0,00;4,48;100,00;0,00;4,41
OPENDATA41 - www.pilote41.fr;77;ZA route de Vendôme;29/6/2015 00:00:00;41171;Oucques;CC Beauce et Forêt;CC Beauce et Forêt;CC Beauce et Forêt;244100699;Communauté de communes de Beauce et Forêt;1960;7,99;0,00;11,73;1,52;0,00;21,26;40,52;11,73;19,73
OPENDATA41 - www.pilote41.fr;79;Zone La Croix du Reuilly;20/3/2015 00:00:00;41176;Pierrefitte-sur-Sauldre;La commune;La commune;La commune;244100806;Communauté de communes de la Sologne des Rivières;1993;0,30;0,00;5,41;0,00;0,00;5,71;5,26;5,41;5,71
OPENDATA41 - www.pilote41.fr;80;ZA de Chassenet;10/4/2015 00:00:00;41181;Pouillé;;CC Val-de-Cher - Controis;CC Val-de-Cher - Controis;200040863;Communauté de communes Val-de-Cher - Controis;1980;2,10;0,00;0,00;0,27;1,41;3,80;100,00;0,00;2,10
OPENDATA41 - www.pilote41.fr;82;Zone Pâtureau de la Grange;20/3/2015 00:00:00;41185;Pruniers-en-Sologne;La commune;La commune;La commune;200018406;Communauté de communes du Romorantinais et du Monestois;1992;13,74;0,17;0,00;1,83;0,00;15,76;98,72;0,17;13,92
OPENDATA41 - www.pilote41.fr;83;ZA Le Vieux Gué;11/6/2015 00:00:00;41188;Rhodon;;La commune;La commune;244100699;Communauté de communes de Beauce et Forêt;1993;2,28;0,00;3,04;0,05;0,15;5,53;42,93;3,04;5,33
OPENDATA41 - www.pilote41.fr;85;Zone de l'Arche;20/3/2015 00:00:00;41194;Romorantin-Lanthenay;;La commune;La commune;200018406;Communauté de communes du Romorantinais et du Monestois;1970;13,32;0,00;0,00;0,69;0,00;14,02;100,00;0,00;13,32
OPENDATA41 - www.pilote41.fr;86;Zone de la Grange I;26/3/2015 00:00:00;41194;Romorantin-Lanthenay;;;Romorantinais et  Monestois;200018406;Communauté de communes du Romorantinais et du Monestois;1990;16,49;0,00;0,00;0,98;0,00;17,48;100,00;0,00;16,49
OPENDATA41 - www.pilote41.fr;87;Zone de Piégu;25/3/2015 00:00:00;41194;Romorantin-Lanthenay;La commune;;La commune;200018406;Communauté de communes du Romorantinais et du Monestois;1965;8,11;0,00;0,00;0,10;0,00;8,22;100,00;0,00;8,11
OPENDATA41 - www.pilote41.fr;88;Zone de Plaisance;28/5/2015 00:00:00;41194;Romorantin-Lanthenay;;La commune;La commune;200018406;Communauté de communes du Romorantinais et du Monestois;1989;40,56;0,00;0,00;3,39;0,00;43,95;100,00;0,00;40,56
OPENDATA41 - www.pilote41.fr;89;Zone de Saint-Marc;25/3/2015 00:00:00;41194;Romorantin-Lanthenay;;;La commune;200018406;Communauté de communes du Romorantinais et du Monestois;1965;11,54;0,00;0,00;0,47;0,00;12,01;100,00;0,00;11,54
OPENDATA41 - www.pilote41.fr;90;ZA les Caves de la Dabinerie;11/6/2015 00:00:00;41198;Saint-Aignan;;CC Val-de-Cher - Controis;CC Val-de-Cher - Controis;200040863;Communauté de communes Val-de-Cher - Controis;1981;8,65;0,46;0,00;0,37;0,00;9,48;94,86;0,46;9,11
OPENDATA41 - www.pilote41.fr;92;Zone "Les Défrocs";3/4/2015 00:00:00;41199;Saint-Amand-Longpré;;;La commune;244100772;Communauté de communes de Beauce et Gâtine;1965;1,52;0,00;0,00;0,00;0,00;1,52;100,00;0,00;1,52
OPENDATA41 - www.pilote41.fr;93;Zone Parc des Bréviaires;29/6/2015 00:00:00;41199;Saint-Amand-Longpré;CC Beauce et Gâtine;CC Beauce et Gâtine;CC Beauce et Gâtine;244100772;Communauté de communes de Beauce et Gâtine;1994;16,27;0,47;0,00;1,57;0,00;18,31;97,17;0,47;16,74
OPENDATA41 - www.pilote41.fr;94;ZA des Tabardières;19/5/2015 00:00:00;41204;Saint-Claude-de-Diray;La commune;La commune et CC Grand Chambord;La commune et CC Grand Chambord;244100798;Communauté de communes du Grand Chambord;1990;5,32;0,82;1,47;0,48;0,12;8,23;69,86;2,29;7,62
OPENDATA41 - www.pilote41.fr;95;Zone Artisanale communale;20/3/2015 00:00:00;41207;Saint-Dyé-sur-Loire;La commune;La commune;La commune;244100798;Communauté de communes du Grand Chambord;1991;1,11;0,00;0,00;0,00;0,00;1,11;100,00;0,00;1,11
OPENDATA41 - www.pilote41.fr;96;ZA de la Garenne;21/7/2015 00:00:00;41209;Saint-Firmin-des-Prés;CC du Pays de Vendôme;CC du Pays de Vendôme;CC du Pays de Vendôme;244100251;Communauté de communes du Pays de Vendôme;1990;14,93;3,13;5,32;1,62;0,00;25,02;63,84;8,46;23,39
OPENDATA41 - www.pilote41.fr;97;Zone Le Clos des Raimbaudières;17/7/2015 00:00:00;41211;Saint-Georges-sur-Cher;La commune;CC du Cher à La Loire;CC du Cher à La Loire;244100764;Communauté de communes du Cher à la Loire;1989;4,06;0,00;0,00;0,68;0,00;4,75;100,00;0,00;4,06
OPENDATA41 - www.pilote41.fr;98;Parc d'Activités Les Clouseaux;20/3/2015 00:00:00;41212;Saint-Gervais-la-Forêt;3 Vals Aménagement;3 Vals Aménagement;Agglopolys;200030385;Agglopolys - Communauté de l'agglomération de Blois;1983;10,91;0,00;0,00;2,16;0,00;13,07;100,00;0,00;10,91
OPENDATA41 - www.pilote41.fr;99;Parc d'Activités Les Perrières;20/3/2015 00:00:00;41212;Saint-Gervais-la-Forêt;;3 Vals Aménagement;Agglopolys;200030385;Agglopolys - Communauté de l'agglomération de Blois;1991;12,27;0,00;0,00;1,36;0,00;13,64;100,00;0,00;12,27
OPENDATA41 - www.pilote41.fr;100;Zone Artisanale;20/3/2015 00:00:00;41214;Saint-Hilaire-la-Gravelle;;La commune;La commune;200040772;Communauté de communes du Perche et Haut-Vendômois;1965;5,07;0,00;0,00;0,17;0,00;5,24;100,00;0,00;5,07
OPENDATA41 - www.pilote41.fr;101;ZA Communale de Nouan;25/3/2015 00:00:00;41220;Saint-Laurent-Nouan;La commune;La commune;La commune;244100798;Communauté de communes du Grand Chambord;1986;4,43;0,00;0,00;0,42;0,00;4,85;100,00;0,00;4,43
OPENDATA41 - www.pilote41.fr;102;ZA du Petit Four;20/3/2015 00:00:00;41220;Saint-Laurent-Nouan;La commune;La commune;La commune et CC Grand Chambord;244100798;Communauté de communes du Grand Chambord;1974;21,42;0,83;0,00;2,37;0,17;24,80;96,25;0,83;22,25
OPENDATA41 - www.pilote41.fr;103;ZA de la Plaine - Rocheboyer;21/7/2015 00:00:00;41226;Saint-Ouen;;La commune et CC du Pays de Vendôme;La commune et CC du Pays de Vendôme;244100251;Communauté de communes du Pays de Vendôme;1969;22,52;0,00;2,18;4,64;0,00;29,35;91,15;2,18;24,71
OPENDATA41 - www.pilote41.fr;104;ZA des Grouëts et Bel Air;28/5/2015 00:00:00;41226;Saint-Ouen;;La commune et CC du Pays de Vendôme;La commune et CC du Pays de Vendôme;244100251;Communauté de communes du Pays de Vendôme;1993;16,64;0,48;0,00;3,96;0,00;21,10;97,15;0,48;17,13
OPENDATA41 - www.pilote41.fr;105;Parc d'Activités Euro Val de Loire - Parc des Rougemonts;16/6/2015 00:00:00;41230;Saint-Sulpice-de-Pommeray;C.C.I.;C.C.I.;C.C.I.;200030385;Agglopolys - Communauté de l'agglomération de Blois;1992;3,75;0,00;0,00;0,19;0,00;3,94;100,00;0,00;3,75
OPENDATA41 - www.pilote41.fr;106;Parc d'Activités de Boissière;20/3/2015 00:00:00;41230;Saint-Sulpice-de-Pommeray;3 Vals Aménagement;3 Vals Aménagement;Agglopolys;200030385;Agglopolys - Communauté de l'agglomération de Blois;1991;2,17;1,07;1,28;0,31;0,00;4,85;48,04;2,35;4,53
OPENDATA41 - www.pilote41.fr;107;ZA Le Gros Chêne;20/3/2015 00:00:00;41231;Saint-Viâtre;La commune;;La commune;200018406;Communauté de communes du Romorantinais et du Monestois;1991;2,12;0,13;0,00;0,09;0,00;2,35;94,17;0,13;2,25
OPENDATA41 - www.pilote41.fr;108;Zone Les Cousseaux;16/7/2015 00:00:00;41232;Salbris;;Agence de développement de la Ville de Salbris;Agence de développement de la Ville de Salbris;244100806;Communauté de communes de la Sologne des Rivières;1965;21,96;8,91;0,00;5,09;1,51;37,49;71,12;8,91;30,87
OPENDATA41 - www.pilote41.fr;109;ZA Les Champs;20/3/2015 00:00:00;41232;Salbris;La commune;Agence de développement de la Ville de Salbris;Agence de développement de la Ville de Salbris;244100806;Communauté de communes de la Sologne des Rivières;1990;3,07;0,00;0,59;0,72;1,13;5,52;83,86;0,59;3,66
OPENDATA41 - www.pilote41.fr;110;ZA Les Combes;20/3/2015 00:00:00;41232;Salbris;la commune;Agence de développement de la Ville de Salbris;Agence de développement de la Ville de Salbris;244100806;Communauté de communes de la Sologne des Rivières;1981;9,28;0,59;0,00;0,46;0,35;10,70;94,00;0,59;9,87
OPENDATA41 - www.pilote41.fr;111;ZA Le Carrefour - les Vignes;28/5/2015 00:00:00;41238;Savigny-sur-Braye;CC Vallées Loir et Braye;;CC Vallées Loir et Braye;200040780;Communauté de communes Vallées Loir et Braye;1991;5,70;14,54;0,00;0,00;0,00;20,24;28,17;14,54;20,24
OPENDATA41 - www.pilote41.fr;112;Zone du Jardin d'entreprises;20/7/2015 00:00:00;41241;Selles-Saint-Denis;CC de la Sologne des Rivières;CC de la Sologne des Rivières;CC de la Sologne des Rivières;244100806;Communauté de communes de la Sologne des Rivières;1993;4,31;0,00;22,01;5,87;8,77;40,97;16,38;22,01;26,32
OPENDATA41 - www.pilote41.fr;113;ZA Ouest des Grands Pantalons;19/5/2015 00:00:00;41242;Selles-sur-Cher;;CC Val-de-Cher - Controis;CC Val-de-Cher - Controis;200040863;Communauté de communes Val-de-Cher - Controis;1989;4,18;0,29;0,00;0,41;0,00;4,89;93,35;0,29;4,48
OPENDATA41 - www.pilote41.fr;114;Zone Le Pavé du Chemin de Vendôme;3/4/2015 00:00:00;41243;Selommes;;La commune et CC Beauce et Gâtine;La commune et CC Beauce et Gâtine;244100772;Communauté de communes de Beauce et Gâtine;1986;3,58;0,46;0,00;0,07;0,00;4,11;88,53;0,46;4,04
OPENDATA41 - www.pilote41.fr;115;Zone Les Tourtraits;2/4/2015 00:00:00;41243;Selommes;;La commune;La commune;244100772;Communauté de communes de Beauce et Gâtine;1965;3,24;0,80;0,00;1,67;0,00;5,72;80,05;0,80;4,05
OPENDATA41 - www.pilote41.fr;117;Zone d'Activités des Plaines;20/3/2015 00:00:00;41249;Souesmes;La commune;La commune;La commune;244100806;Communauté de communes de la Sologne des Rivières;1976;4,06;0,00;0,00;0,38;0,00;4,44;100,00;0,00;4,06
OPENDATA41 - www.pilote41.fr;118;ZA Les Places;28/5/2015 00:00:00;41252;Suèvres;La commune;CC Beauce ligérienne;CC Beauce ligérienne;244100681;Communauté de communes de la Beauce Ligérienne;1977;8,14;1,03;0,00;0,19;0,00;9,37;88,70;1,03;9,17
OPENDATA41 - www.pilote41.fr;120;ZA des Sapinettes;28/5/2015 00:00:00;41259;Thoré-la-Rochette;CC du Pays de Vendôme;CC du Pays de Vendôme;CC du Pays de Vendôme;244100251;Communauté de communes du Pays de Vendôme;1980;15,72;2,67;6,39;0,78;0,00;25,58;63,40;9,07;24,80
OPENDATA41 - www.pilote41.fr;121;Parc Technologique du Bois de l'Oratoire;24/6/2015 00:00:00;41269;Vendôme;;CC du Pays de Vendôme;CC du Pays de Vendôme;244100251;Communauté de communes du Pays de Vendôme;1990;10,41;32,77;68,78;8,95;12,54;133,47;9,30;101,56;111,97
OPENDATA41 - www.pilote41.fr;122;ZI Nord;24/6/2015 00:00:00;41269;Vendôme;;La commune;La commune;244100251;Communauté de communes du Pays de Vendôme;1963;38,24;1,98;0,00;3,01;0,00;43,25;95,05;1,98;40,23
OPENDATA41 - www.pilote41.fr;123;ZI Sud - ZAC des Courtis, des Hauts des Clos;21/7/2015 00:00:00;41269;Vendôme;;La commune et CC du Pays de Vendôme;La commune et CC du Pays de Vendôme;244100251;Communauté de communes du Pays de Vendôme;1977;56,62;11,58;0,00;9,60;0,00;77,82;83,01;11,58;68,21
OPENDATA41 - www.pilote41.fr;125;ZI de la Bézardière;31/3/2015 00:00:00;41280;Villefranche-sur-Cher;La commune;La commune;La commune;200018406;Communauté de communes du Romorantinais et du Monestois;1976;10,72;2,33;39,16;1,62;0,00;53,85;20,53;41,50;52,23
OPENDATA41 - www.pilote41.fr;126;ZA des Bruères;3/4/2015 00:00:00;41287;Villerable;Madame Nault;Madame Nault;Privé;244100269;Communauté de communes du Vendômois Rural;1989;6,46;10,70;0,00;0,52;0,00;17,69;37,64;10,70;17,17
OPENDATA41 - www.pilote41.fr;128;Parc d'Activités Zone Industrielle Vineuil;13/4/2015 00:00:00;41295;Vineuil;3 Vals Aménagement;3 Vals Aménagement;Agglopolys;200030385;Agglopolys - Communauté de l'agglomération de Blois;1973;33,02;0,00;0,00;3,65;0,00;36,67;100,00;0,00;33,02
OPENDATA41 - www.pilote41.fr;129;Zone Artisanale;2/4/2015 00:00:00;41114;Lestiou;La commune;La commune;La commune;244100681;Communauté de communes de la Beauce Ligérienne;1989;1,32;0,00;0,00;0,02;0,02;1,36;100,00;0,00;1,32
OPENDATA41 - www.pilote41.fr;130;Zone Artisanale de l'Etang Marais;25/3/2015 00:00:00;41157;Mur-de-Sologne;La commune;;La commune;200018406;Communauté de communes du Romorantinais et du Monestois;1989;0,49;0,00;1,01;0,00;0,00;1,50;32,68;1,01;1,50
OPENDATA41 - www.pilote41.fr;131;Parc d'Activités Le Vollet;25/3/2015 00:00:00;41067;Cour-Cheverny;Agglopolys;Agglopolys;Agglopolys;200030385;Agglopolys - Communauté de l'agglomération de Blois;1997;1,88;0,00;0,00;0,85;0,00;2,74;100,00;0,00;1,88
OPENDATA41 - www.pilote41.fr;133;ZA du Haut de la Plaine Saint-Gilles;16/7/2015 00:00:00;41180;Pontlevoy;CC du Cher à La Loire;CC du Cher à La Loire;CC du Cher à La Loire;244100764;Communauté de communes du Cher à la Loire;1997;2,48;1,65;0,00;0,87;0,00;5,01;60,02;1,65;4,14
OPENDATA41 - www.pilote41.fr;134;Parc d'Activités Les Sarrazinières;26/3/2015 00:00:00;41206;Saint-Denis-sur-Loire;;Agglopolys;Agglopolys;200030385;Agglopolys - Communauté de l'agglomération de Blois;1977;6,54;0,00;0,00;0,35;0,00;6,90;100,00;0,00;6,54
OPENDATA41 - www.pilote41.fr;135;Zone Le Bourg;20/5/2015 00:00:00;41225;Saint-Martin-des-Bois;La commune;La commune;La commune;200040780;Communauté de communes Vallées Loir et Braye;1990;0,92;0,00;0,00;0,00;0,00;0,92;100,00;0,00;0,92
OPENDATA41 - www.pilote41.fr;136;ZA Rue des Ecoles;30/3/2015 00:00:00;41170;Ouchamps;;CC Val-de-Cher - Controis;CC Val-de-Cher - Controis;200040863;Communauté de communes Val-de-Cher - Controis;1980;2,98;0,00;1,04;0,08;0,00;4,11;74,07;1,04;4,02
OPENDATA41 - www.pilote41.fr;137;ZA de Seigy;30/3/2015 00:00:00;41239;Seigy;;CC Val-de-Cher - Controis;CC Val-de-Cher - Controis;200040863;Communauté de communes Val-de-Cher - Controis;1972;1,69;0,00;0,00;0,11;0,00;1,81;100,00;0,00;1,69
OPENDATA41 - www.pilote41.fr;138;ZA de Soings-en-Sologne;10/4/2015 00:00:00;41247;Soings-en-Sologne;;CC Val-de-Cher - Controis;CC Val-de-Cher - Controis;200040863;Communauté de communes Val-de-Cher - Controis;1991;2,09;0,00;0,00;0,00;0,00;2,09;100,00;0,00;2,09
OPENDATA41 - www.pilote41.fr;139;Zone La Terre des Mille Bœufs;21/7/2015 00:00:00;41256;Theillay;La commune;;La commune;244100806;Communauté de communes de la Sologne des Rivières;1997;2,75;2,32;0,00;0,35;0,00;5,44;54,21;2,32;5,08
OPENDATA41 - www.pilote41.fr;140;ZA de la Croix Noury;3/4/2015 00:00:00;41294;Villiers-sur-Loir;La commune/ Privé;La commune;La commune;244100269;Communauté de communes du Vendômois Rural;1989;4,20;0,00;2,87;0,27;0,00;7,35;59,35;2,87;7,07
OPENDATA41 - www.pilote41.fr;141;Zone de Vouzon;3/4/2015 00:00:00;41296;Vouzon;CC Cœur de Sologne;CC Cœur de Sologne;CC Cœur de Sologne;200000800;Communauté de communes Cœur de Sologne;1996;0,38;0,74;0,00;0,00;0,00;1,12;34,21;0,74;1,12
OPENDATA41 - www.pilote41.fr;142;Zone Artisanale;20/3/2015 00:00:00;41179;Poislay;La commune;La commune;La commune;200040772;Communauté de communes du Perche et Haut-Vendômois;1995;1,52;0,00;3,43;0,00;0,00;4,96;30,79;3,43;4,96
OPENDATA41 - www.pilote41.fr;143;Za "Le Pré Gombaud";30/3/2015 00:00:00;41139;Meusnes;CC Val-de-Cher - Controis;CC Val-de-Cher - Controis;CC Val-de-Cher - Controis;200040863;Communauté de communes Val-de-Cher - Controis;1981;6,27;0,00;2,14;0,12;0,00;8,53;74,56;2,14;8,41
OPENDATA41 - www.pilote41.fr;144;ZA Est Les Murs;7/4/2015 00:00:00;41242;Selles-sur-Cher;;CC Val-de-Cher - Controis;CC Val-de-Cher - Controis;200040863;Communauté de communes Val-de-Cher - Controis;1975;7,53;0,00;0,00;0,40;0,00;7,93;100,00;0,00;7,53
OPENDATA41 - www.pilote41.fr;145;Zone d'Activités des Noues;27/3/2015 00:00:00;41218;Saint-Julien-sur-Cher;CC Romorantinais et  Monestois;CC Romorantinais et  Monestois;CC Romorantinais et  Monestois;200018406;Communauté de communes du Romorantinais et du Monestois;1997;0,32;0,00;11,38;1,22;0,00;12,92;2,77;11,38;11,70
OPENDATA41 - www.pilote41.fr;146;Zone de Talcy;13/5/2015 00:00:00;41253;Talcy;La commune;La commune;La commune;244100681;Communauté de communes de la Beauce Ligérienne;1991;2,10;0,00;0,00;0,03;0,00;2,13;100,00;0,00;2,10
OPENDATA41 - www.pilote41.fr;150;Zone Artisanale du Curasseau;20/3/2015 00:00:00;41152;Montrieux-en-Sologne;La commune;La commune;La commune;244100780;Communauté de communes de la Sologne des Etangs;1991;1,08;0,00;0,00;0,00;0,00;1,08;100,00;0,00;1,08
OPENDATA41 - www.pilote41.fr;153;Zone d'Epiais;12/6/2015 00:00:00;41077;Épiais;La commune;La commune;La commune;244100699;Communauté de communes de Beauce et Forêt;1995;0,00;0,00;0,78;0,00;0,00;0,78;0,00;0,78;0,78
OPENDATA41 - www.pilote41.fr;156;ZA La Chaumette;27/5/2015 00:00:00;41155;Muides-sur-Loire;La commune;La commune;La commune;244100681;Communauté de communes de la Beauce Ligérienne;1990;1,77;0,00;0,00;0,00;0,00;1,77;100,00;0,00;1,77
OPENDATA41 - www.pilote41.fr;160;Parc d'Activités de Champigny-en-Beauce;20/3/2015 00:00:00;41035;Champigny-en-Beauce;;;Agglopolys;200030385;Agglopolys - Communauté de l'agglomération de Blois;1991;3,71;0,00;0,00;0,00;0,00;3,71;100,00;0,00;3,71
OPENDATA41 - www.pilote41.fr;163;Zone Pâtureau 2000;3/4/2015 00:00:00;41185;Pruniers-en-Sologne;CC Romorantinais et Monestois;CC Romorantinais et Monestois;CC Romorantinais et Monestois;200018406;Communauté de communes du Romorantinais et du Monestois;2000;3,72;2,08;0,00;0,78;0,98;7,58;64,06;2,08;5,81
OPENDATA41 - www.pilote41.fr;164;ZAC des Grandes Bruyères;24/6/2015 00:00:00;41194;Romorantin-Lanthenay;3 Vals Aménagement et C Romorantinais et Monestois;3 Vals Aménagement;CC Romorantinais et Monestois;;Communauté de communes du Romorantinais et du Monestois;2000;5,63;46,31;36,04;11,35;7,53;106,88;6,40;82,35;87,98
OPENDATA41 - www.pilote41.fr;166;ZA de Tournebride;3/4/2015 00:00:00;41003;Areines;CC du Vendômois Rural;CC du Vendômois Rural;CC du Vendômois Rural;244100269;Communauté de communes du Vendômois Rural;2000;1,45;0,49;0,00;0,00;0,00;1,94;74,53;0,49;1,94
OPENDATA41 - www.pilote41.fr;167;ZA de Chassenay;27/3/2015 00:00:00;41002;Angé;;CC Val-de-Cher - Controis;CC Val-de-Cher - Controis;200040863;Communauté de communes Val-de-Cher - Controis;1989;1,93;0,00;0,00;0,23;0,00;2,17;100,00;0,00;1,93
OPENDATA41 - www.pilote41.fr;168;Parc "Cher Sologne";7/4/2015 00:00:00;41242;Selles-sur-Cher;;CC Val-de-Cher - Controis;CC Val-de-Cher - Controis;200040863;Communauté de communes Val-de-Cher - Controis;2000;10,67;23,63;0,00;4,26;2,06;40,63;31,12;23,63;34,31
OPENDATA41 - www.pilote41.fr;169;Parc d'Activités du Bout des Hayes;26/3/2015 00:00:00;41018;Blois;3 Vals Aménagement;3 Vals Aménagement;Agglopolys;200030385;Agglopolys - Communauté de l'agglomération de Blois;2000;9,87;0,00;0,00;1,01;0,92;11,82;100,00;0,00;9,87
OPENDATA41 - www.pilote41.fr;170;Parc d'Activités Les Guignières;20/3/2015 00:00:00;41018;Blois;3 Vals Aménagement;3 Vals Aménagement;Agglopolys;200030385;Agglopolys - Communauté de l'agglomération de Blois;2000;11,06;7,05;0,00;1,95;6,95;27,03;61,06;7,05;18,12
OPENDATA41 - www.pilote41.fr;171;Parc d'Activités Les Sorbiers;25/3/2015 00:00:00;41295;Vineuil;3 Vals Aménagement;3 Vals Aménagement;Agglopolys;200030385;Agglopolys - Communauté de l'agglomération de Blois;1998;15,76;0,00;0,00;0,08;0,00;15,84;100,00;0,00;15,76
OPENDATA41 - www.pilote41.fr;172;ZA Les Poizas;27/3/2015 00:00:00;41043;Châtillon-sur-Cher;CC Val-de-Cher - Controis;CC Val-de-Cher - Controis;CC Val-de-Cher - Controis;200040863;Communauté de communes Val-de-Cher - Controis;2000;4,15;0,00;2,28;0,08;0,00;6,52;64,57;2,28;6,44
OPENDATA41 - www.pilote41.fr;173;Zone d'Activités de Sargé-sur-Braye;17/7/2015 00:00:00;41235;Sargé-sur-Braye;CC des Collines du Perche;CC des Collines du Perche;CC des Collines du Perche;244100293;Communauté de communes des Collines du Perche;2000;2,88;2,33;0,00;0,33;1,81;7,36;55,20;2,33;5,22
OPENDATA41 - www.pilote41.fr;174;Parc d'Activités de la Patte d'Oie;20/3/2015 00:00:00;41212;Saint-Gervais-la-Forêt;Privé;Privé;Privé;200030385;Agglopolys - Communauté de l'agglomération de Blois;1999;2,46;0,00;0,00;0,54;0,72;3,73;100,00;0,00;2,46
OPENDATA41 - www.pilote41.fr;177;Zone d'Activités des Tournesols;20/3/2015 00:00:00;41173;Ouzouer-le-Marché;CC de la Beauce oratorienne;CC de la Beauce oratorienne;CC de la Beauce oratorienne;244100707;Communauté de communes de la Beauce Oratorienne;2000;2,58;2,70;4,37;1,07;0,53;11,27;26,78;7,07;9,66
OPENDATA41 - www.pilote41.fr;178;Zone de la Grange II;26/3/2015 00:00:00;41194;Romorantin-Lanthenay;3 Vals Aménagement;3 Vals Aménagement;CC Romorantinais et  Monestois;200018406;Communauté de communes du Romorantinais et du Monestois;1999;15,13;0,00;12,95;2,07;0,00;30,16;53,88;12,95;28,08
OPENDATA41 - www.pilote41.fr;179;Parc d'Activités Euro Val de Loire-Parc A10 Sud;20/3/2015 00:00:00;41047;Chaussée-Saint-Victor;C.C.I.;C.C.I.;C.C.I.;200030385;Agglopolys - Communauté de l'agglomération de Blois;2002;23,65;4,47;0,00;4,11;2,66;34,91;84,08;4,47;28,13
OPENDATA41 - www.pilote41.fr;184;Zone Artisanale;20/3/2015 00:00:00;41080;Faverolles-sur-Cher;;CC du Cher à La Loire;CC du Cher à La Loire;244100764;Communauté de communes du Cher à la Loire;1990;1,30;0,00;0,00;0,07;0,00;1,38;100,00;0,00;1,30
OPENDATA41 - www.pilote41.fr;185;Zone Le Parc de la Varenne;23/7/2015 00:00:00;41154;Morée;CC Perche et Haut-Vendômois;CC Perche et Haut-Vendômois;CC Perche et Haut-Vendômois;200040772;Communauté de communes du Perche et Haut-Vendômois;2001;3,44;0,84;4,83;0,90;0,00;10,02;37,81;5,67;9,12
OPENDATA41 - www.pilote41.fr;186;Zone Artisanale;2/4/2015 00:00:00;41184;Prunay-Cassereau;;La commune;La commune;244100772;Communauté de communes de Beauce et Gâtine;1980;3,84;0,00;0,00;0,00;0,00;3,84;100,00;0,00;3,84
OPENDATA41 - www.pilote41.fr;187;Parc d'Activités du Bout des Hayes Ouest;25/3/2015 00:00:00;41018;Blois;3 Vals Aménagement;3 Vals Aménagement;Agglopolys;200030385;Agglopolys - Communauté de l'agglomération de Blois;2003;4,82;0,00;14,70;0,94;4,62;25,09;24,70;14,70;19,52
OPENDATA41 - www.pilote41.fr;188;Parc d'Activités Euro Val de Loire-Parc A10 Est;20/3/2015 00:00:00;41047;Chaussée-Saint-Victor;C.C.I.;C.C.I.;C.C.I.;200030385;Agglopolys - Communauté de l'agglomération de Blois;2002;0,00;0,00;4,54;0,94;2,85;8,34;0,00;4,54;4,54
OPENDATA41 - www.pilote41.fr;191;Parc d'Activités La Folie;20/3/2015 00:00:00;41230;Saint-Sulpice-de-Pommeray;Privé;;Privé;200030385;Agglopolys - Communauté de l'agglomération de Blois;1995;0,57;0,00;0,00;0,00;0,00;0,57;100,00;0,00;0,57
OPENDATA41 - www.pilote41.fr;193;Parc d'Activités Les Couratières;31/3/2015 00:00:00;41276;Villebarou;;Sopic Nord (aménageur privé);Privé;200030385;Agglopolys - Communauté de l'agglomération de Blois;1970;22,80;0,00;0,00;1,08;0,00;23,88;100,00;0,00;22,80
OPENDATA41 - www.pilote41.fr;195;ZA de Thenay;30/3/2015 00:00:00;41257;Thenay;;Zone privée;Privé;200040863;Communauté de communes Val-de-Cher - Controis;1990;31,49;0,00;0,00;0,00;0,00;31,49;100,00;0,00;31,49
OPENDATA41 - www.pilote41.fr;196;Zone Industrielle de Bois Blanche;1/7/2015 00:00:00;41149;Montoire-sur-le-Loir;La commune et CC Vallées Loir et Braye;La commune et CC Vallées Loir et Braye;La commune et CC Vallées Loir et Braye;200040780;Communauté de communes Vallées Loir et Braye;1970;23,00;1,96;0,00;1,94;0,22;27,14;92,13;1,96;24,96
OPENDATA41 - www.pilote41.fr;198;Zone de la Gaucherie;20/3/2015 00:00:00;41086;Fontaines-en-Sologne;CC Grand Chambord;CC Grand Chambord;CC Grand Chambord;244100798;Communauté de communes du Grand Chambord;2003;0,33;5,71;0,00;0,53;0,86;7,44;5,50;5,71;6,04
OPENDATA41 - www.pilote41.fr;200;Parc d'Activités Les Sablons;2/4/2015 00:00:00;41295;Vineuil;;;Agglopolys;200030385;Agglopolys - Communauté de l'agglomération de Blois;1975;28,68;0,00;0,00;2,03;3,28;34,01;100,00;0,00;28,68
OPENDATA41 - www.pilote41.fr;201;Parc d'Activités Les Mûriers;20/3/2015 00:00:00;41101;Herbault;;Agglopolys;Agglopolys;200040863;Communauté de communes Val-de-Cher - Controis;2006;0,35;3,57;17,55;1,42;0,51;23,42;1,67;21,12;21,48
OPENDATA41 - www.pilote41.fr;202;ZA de la Tarotte;3/4/2015 00:00:00;41158;Naveil;CC du Vendômois Rural;CC du Vendômois Rural;CC du Vendômois Rural;244100269;Communauté de communes du Vendômois Rural;2004;2,18;0,00;0,00;0,07;0,00;2,25;100,00;0,00;2,18
OPENDATA41 - www.pilote41.fr;203;Parc d'Activités de la Valstière;20/3/2015 00:00:00;41101;Herbault;;La commune;La commune;200030385;Agglopolys - Communauté de l'agglomération de Blois;2005;2,11;0,00;3,18;0,41;0,00;5,72;39,92;3,18;5,30
OPENDATA41 - www.pilote41.fr;204;Zone des Devants;21/7/2015 00:00:00;41279;Villedieu-le-Château;CC Vallées Loir et Braye;CC Vallées Loir et Braye;CC Vallées Loir et Braye;200040780;Communauté de communes Vallées Loir et Braye;2008;1,86;2,36;0,69;0,20;0,55;5,68;37,87;3,05;4,92
OPENDATA41 - www.pilote41.fr;205;Zone de la Cousinière;20/5/2015 00:00:00;41078;Épuisay;CC Vallées Loir et Braye;CC Vallées Loir et Braye;CC Vallées Loir et Braye;200040780;Communauté de communes Vallées Loir et Braye;2008;6,83;4,77;8,66;1,07;0,58;21,94;33,73;13,43;20,27
OPENDATA41 - www.pilote41.fr;206;Zone des Maudhuites;20/3/2015 00:00:00;41152;Montrieux-en-Sologne;La commune;La commune;La commune;244100780;Communauté de communes de la Sologne des Etangs;;0,33;0,33;0,00;0,00;0,00;0,67;50,64;0,33;0,67
OPENDATA41 - www.pilote41.fr;208;Zone Ex GIAT GROUPE A et B;29/6/2015 00:00:00;41232;Salbris;3 Vals Aménagement;3 Vals Aménagement;3 Vals Aménagement;;;2008;0,00;88,12;28,49;9,74;0,00;126,36;0,00;116,61;116,61
OPENDATA41 - www.pilote41.fr;210;ZA de La Godelle;17/6/2015 00:00:00;41257;Thenay;CC Cher à la Loire;CC Cher à la Loire;CC Cher à la Loire;200040863;Communauté de communes Val-de-Cher - Controis;2003;0,00;0,00;5,45;0,00;0,00;5,45;0,00;5,45;5,45
OPENDATA41 - www.pilote41.fr;211;Parc d'Activités des Châteaux;20/3/2015 00:00:00;41047;Chaussée-Saint-Victor;3 Vals Aménagement;3 Vals Aménagement;Agglopolys;200030385;Agglopolys - Communauté de l'agglomération de Blois;;0,00;0,00;38,49;0,00;0,00;38,49;0,00;38,49;38,49
OPENDATA41 - www.pilote41.fr;212;Parc d'Activités de l'Ardoise;25/3/2015 00:00:00;41067;Cour-Cheverny;3 Vals Aménagement;3 Vals Aménagement;Agglopolys;200030385;Agglopolys - Communauté de l'agglomération de Blois;2008;3,98;4,52;6,29;1,66;3,78;20,25;26,90;10,82;14,80
OPENDATA41 - www.pilote41.fr;213;Zone "Le Noyers Goujon";20/3/2015 00:00:00;41148;Montlivault;CC Grand Chambord;CC Grand Chambord;CC Grand Chambord;244100798;Communauté de communes du Grand Chambord;2008;0,43;1,96;0,00;0,49;0,09;2,98;18,03;1,96;2,40
OPENDATA41 - www.pilote41.fr;214;Zone d'Activités des Châteaux;20/3/2015 00:00:00;41025;Bracieux;CC Grand Chambord;CC Grand Chambord;CC Grand Chambord;244100798;Communauté de communes du Grand Chambord;2008;0,65;7,42;0,00;1,64;0,00;9,72;8,09;7,42;8,08
OPENDATA41 - www.pilote41.fr;215;Zone de la Cave;20/3/2015 00:00:00;41150;Mont-près-Chambord;CC Grand Chambord;CC Grand Chambord;CC Grand Chambord;244100798;Communauté de communes du Grand Chambord;2007;0,00;0,00;5,73;0,12;0,00;5,85;0,00;5,73;5,73
OPENDATA41 - www.pilote41.fr;216;Zone des Morines 2;20/3/2015 00:00:00;41150;Mont-près-Chambord;CC Grand Chambord;CC Grand Chambord;CC Grand Chambord;244100798;Communauté de communes du Grand Chambord;2008;2,20;0,24;0,00;0,32;0,00;2,78;90,13;0,24;2,45
OPENDATA41 - www.pilote41.fr;217;Parc d'Activités Les Plantes;26/3/2015 00:00:00;41233;Sambin;Agglopolys;Agglopolys;Agglopolys;200030385;Agglopolys - Communauté de l'agglomération de Blois;2005;0,63;0,39;2,78;0,05;0,06;3,93;16,70;3,17;3,81
OPENDATA41 - www.pilote41.fr;259;ZA Les Prés Blanchards - La Pierre à 3 poux;16/6/2015 00:00:00;41092;Fougères-sur-Bièvre;;CC Val-de-Cher - Controis;CC Val-de-Cher - Controis;200040863;Communauté de communes Val-de-Cher - Controis;;10,74;7,82;0,00;0,18;0,00;18,76;57,85;7,82;18,57
OPENDATA41 - www.pilote41.fr;260;ZA de la Bernardière;16/6/2015 00:00:00;41059;Contres;Privé;Zone privée;Privé;200040863;Communauté de communes Val-de-Cher - Controis;;2,60;0,00;4,36;0,16;0,00;7,12;37,36;4,36;6,96
OPENDATA41 - www.pilote41.fr;261;ZA Avenue des Platanes;19/6/2015 00:00:00;41059;Contres;;CC Val-de-Cher - Controis;CC Val-de-Cher - Controis;200040863;Communauté de communes Val-de-Cher - Controis;;0,92;0,00;1,05;0,00;0,00;1,98;46,62;1,05;1,98
OPENDATA41 - www.pilote41.fr;262;ZA "Plaine de Fresnes";27/3/2015 00:00:00;41059;Contres;;CC Val-de-Cher - Controis;CC Val-de-Cher - Controis;200040863;Communauté de communes Val-de-Cher - Controis;;3,09;0,00;0,00;0,00;0,00;3,09;100,00;0,00;3,09
OPENDATA41 - www.pilote41.fr;263;ZA Rue de la Plaine;30/3/2015 00:00:00;41094;Fresnes;;CC Val-de-Cher - Controis;CC Val-de-Cher - Controis;200040863;Communauté de communes Val-de-Cher - Controis;;0,00;0,00;1,55;0,00;0,00;1,55;0,00;1,55;1,55
OPENDATA41 - www.pilote41.fr;264;ZA les Bois d'Ouchamps;30/3/2015 00:00:00;41170;Ouchamps;;CC Val-de-Cher - Controis;CC Val-de-Cher - Controis;200040863;Communauté de communes Val-de-Cher - Controis;;2,70;0,00;0,00;0,00;0,00;2,70;100,00;0,00;2,70
OPENDATA41 - www.pilote41.fr;268;Parc d'Activités Euro Val de Loire - Les Gailletrous III;20/3/2015 00:00:00;41047;Chaussée-Saint-Victor;Agglopolys;Agglopolys;Agglopolys;200030385;Agglopolys - Communauté de l'agglomération de Blois;2010;1,22;0,00;0,00;0,00;0,00;1,22;100,00;0,00;1,22
OPENDATA41 - www.pilote41.fr;269;Zone de Saint-Léonard-en-Beauce;11/6/2015 00:00:00;41221;Saint-Léonard-en-Beauce;;;Commune;244100699;Communauté de communes de Beauce et Forêt;;0,27;0,00;0,00;0,00;0,00;0,27;100,00;0,00;0,27
OPENDATA41 - www.pilote41.fr;277;ZA Les Avenettes;30/3/2015 00:00:00;41164;Noyers-sur-Cher;;CC Val-de-Cher - Controis;CC Val-de-Cher - Controis;200040863;Communauté de communes Val-de-Cher - Controis;;0,00;7,19;0,00;0,00;0,00;7,19;0,00;7,19;7,19
OPENDATA41 - www.pilote41.fr;285;Zone "Les Galliennes";17/6/2015 00:00:00;41149;Montoire-sur-le-Loir;CC Vallées Loir et Braye;CC Vallées Loir et Braye;CC Vallées Loir et Braye;200040780;Communauté de communes Vallées Loir et Braye;2011;0,48;2,76;0,00;0,87;0,00;4,13;14,95;2,76;3,25
OPENDATA41 - www.pilote41.fr;287;ZA d'Authon;2/4/2015 00:00:00;41007;Authon;CC Beauce et Gâtine;CC Beauce et Gâtine;CC Beauce et Gâtine;;Communauté de communes de Beauce et GâtineSyndicat mixte du Pays Vendômois;2010;0,00;0,00;2,29;0,43;0,00;2,73;0,00;2,29;2,29
OPENDATA41 - www.pilote41.fr;289;ZA des Genets;20/5/2015 00:00:00;41238;Savigny-sur-Braye;Privés;Commune;CC Vallées Loir et Braye;;Communauté de communes Vallées Loir et BrayeSyndicat mixte du Pays Vendômois;;5,37;0,00;0,00;0,34;0,00;5,72;100,00;0,00;5,37
OPENDATA41 - www.pilote41.fr;290;Zone D'activité des Chardonnets;20/5/2015 00:00:00;41250;Sougé;CC Vallées Loir et Braye;CC Vallées Loir et Braye;CC Vallées Loir et Braye;;Communauté de communes Vallées Loir et BrayeSyndicat mixte du Pays Vendômois;;0,71;0,36;0,04;0,19;0,00;1,33;63,45;0,41;1,13
OPENDATA41 - www.pilote41.fr;292;ZAE de Chémery;27/3/2015 00:00:00;41049;Chémery;C.C.I.;C.C.I.;C.C.I.;;Communauté de communes Val-de-Cher - ControisSyndicat mixte du Pays de la Vallée du Cher et du Romorantinais;;0,00;0,00;12,64;0,00;0,00;12,64;0,00;12,64;12,64
OPENDATA41 - www.pilote41.fr;293;Parc d'activités du Breuil;25/3/2015 00:00:00;41040;Chapelle-Vendômoise;Conseil Général;Conseil Général;Conseil Général;200030385;Agglopolys - Communauté de l'agglomération de Blois;2007;6,78;1,50;6,70;0,00;2,95;17,95;45,26;8,21;14,99
OPENDATA41 - www.pilote41.fr;294;ZA Vau de Chaume;7/4/2015 00:00:00;41198;Saint-Aignan;CC Val-de-Cher - Controis;CC Val-de-Cher - Controis;CC Val-de-Cher - Controis;200040863;Communauté de communes Val-de-Cher - Controis;2011;0,67;4,33;0,00;0,78;1,70;7,50;13,51;4,33;5,01
OPENDATA41 - www.pilote41.fr;295;Zone d'Activités des Chantaupiaux;20/3/2015 00:00:00;45134;Épieds-en-Beauce;;CC Beauce Oratorienne;CC Beauce Oratorienne;244100707;Communauté de communes de la Beauce Oratorienne;2004;8,95;8,98;0,00;3,48;0,00;21,42;49,93;8,98;17,94
OPENDATA41 - www.pilote41.fr;304;Zone artisanale (en projet);12/6/2015 00:00:00;41105;Josnes;commune / privé;CC Beauce et Forêt;CC Beauce et Forêt;244100699;Communauté de communes de Beauce et Forêt;;1,74;0,00;2,63;0,00;0,00;4,37;39,79;2,63;4,37
OPENDATA41 - www.pilote41.fr;305;ZA de La Vallée Laurent;21/5/2015 00:00:00;41226;Saint-Ouen;;CC du Pays de Vendôme;CC du Pays de Vendôme;244100251;Communauté de communes du Pays de Vendôme;;0,99;0,00;12,90;1,09;0,00;14,99;7,19;12,90;13,90
OPENDATA41 - www.pilote41.fr;306;Zone Intermarché;20/3/2015 00:00:00;41173;Ouzouer-le-Marché;L’immobilière européenne des Mousquestaires;;Privé;244100707;Communauté de communes de la Beauce Oratorienne;;1,67;0,00;0,00;0,27;0,78;2,73;100,00;0,00;1,67
OPENDATA41 - www.pilote41.fr;307;Zone Pissier;20/3/2015 00:00:00;41173;Ouzouer-le-Marché;SCI du Muids;;Privé;244100707;Communauté de communes de la Beauce Oratorienne;;1,87;0,00;3,49;0,00;0,00;5,36;34,86;3,49;5,36
OPENDATA41 - www.pilote41.fr;308;Zone Ghestem;20/3/2015 00:00:00;41173;Ouzouer-le-Marché;SCI Christel;;Privé;244100707;Communauté de communes de la Beauce Oratorienne;;2,89;0,00;0,00;0,00;0,00;2,89;100,00;0,00;2,89
OPENDATA41 - www.pilote41.fr;309;Zone Commerciale La Mouée;27/5/2015 00:00:00;41136;Mer;;CC Beauce Ligérienne;CC Beauce Ligérienne;244100681;Communauté de communes de la Beauce Ligérienne;;0,00;0,00;0,00;0,00;0,00;0,00;0,00;0,00;0,00
OPENDATA41 - www.pilote41.fr;310;Zone Commerciale;27/5/2015 00:00:00;41136;Mer;;Privé;Privé;244100681;Communauté de communes de la Beauce Ligérienne;;4,33;0,00;5,89;0,00;1,66;11,89;42,39;5,89;10,23
OPENDATA41 - www.pilote41.fr;317;ZA Route de Pontlevoy;18/6/2015 00:00:00;41257;Thenay;;CC Val-de-Cher - Controis;CC Val-de-Cher - Controis;200040863;Communauté de communes Val-de-Cher - Controis;2015;4,53;1,18;3,48;0,00;0,00;9,19;49,26;4,66;9,19
