Code,Communes,nb d'équipements - 2014,nb d'équipements - Hypermarché - 2014,nb d'équipements - Supermarché - 2014,nb d'équipements - Grande surface de bricolage - 2014,nb d'équipements - Épicerie - 2014,nb d'équipements - Boulangerie - 2014,nb d'équipements - Poissonnerie - 2014,nb d'équipements - Magasin de vêtements - 2014,nb d'équipements - Droguerie quincaillerie bricolage - 2014,nb d'équipements - Magasin de meubles - 2014,taux d'équipement - A. Grandes surfaces - 2014 (pour 1000 hab.),taux d'équipement - Station service - 2014 (pour 1000 hab.)
33001,Abzac,6,0,0,0,0,3,0,1,0,1,0,0
33002,Aillas,2,0,0,0,1,0,0,0,1,0,0,0
33003,Ambarès-et-Lagrave,44,0,2,3,3,9,0,3,4,2,"0,4","0,1"
33004,Ambès,6,0,0,0,0,2,0,1,0,0,0,0
33005,Andernos-les-Bains,137,0,2,4,3,12,5,47,5,2,"0,5","0,3"
33006,Anglade,3,0,0,0,1,1,0,0,0,0,0,0
33007,Arbanats,0,0,0,0,0,0,0,0,0,0,0,0
33008,Arbis,1,0,0,0,1,0,0,0,0,0,0,0
33009,Arcachon,288,0,3,0,12,28,7,120,1,7,"0,3","0,2"
33010,Arcins,1,0,0,0,0,0,0,1,0,0,0,0
33011,Arès,33,1,2,1,0,4,2,3,1,2,"0,7","0,2"
33012,Arsac,12,0,0,1,0,3,0,0,2,0,"0,3","0,3"
33013,Artigues-près-Bordeaux,45,0,2,3,0,3,1,4,6,7,"0,7","0,4"
33014,Les Artigues-de-Lussac,4,0,0,0,1,1,1,0,0,0,0,0
33015,Arveyres,12,0,0,1,1,3,0,0,1,2,"0,5","0,5"
33016,Asques,0,0,0,0,0,0,0,0,0,0,0,0
33017,Aubiac,0,0,0,0,0,0,0,0,0,0,0,0
33018,Aubie-et-Espessas,1,0,0,0,0,1,0,0,0,0,0,0
33019,Audenge,26,0,2,0,1,4,1,3,0,1,"0,3","0,2"
33020,Auriolles,0,0,0,0,0,0,0,0,0,0,0,0
33021,Auros,11,0,0,0,2,1,0,4,0,0,0,0
33022,Avensan,9,0,2,1,1,1,0,1,1,0,"1,2","0,4"
33023,Ayguemorte-les-Graves,1,0,0,0,0,0,0,0,0,0,0,0
33024,Bagas,0,0,0,0,0,0,0,0,0,0,0,0
33025,Baigneaux,0,0,0,0,0,0,0,0,0,0,0,0
33026,Balizac,0,0,0,0,0,0,0,0,0,0,0,0
33027,Barie,2,0,0,0,0,0,0,0,1,0,0,0
33028,Baron,2,0,0,0,0,0,0,0,1,0,0,0
33029,Le Barp,18,0,2,1,0,1,0,1,1,1,"0,6","0,2"
33030,Barsac,6,0,0,0,2,1,0,1,0,0,0,0
33031,Bassanne,0,0,0,0,0,0,0,0,0,0,0,0
33032,Bassens,12,0,2,0,1,2,0,0,0,0,"0,3","0,1"
33033,Baurech,1,0,0,0,0,0,0,0,0,0,0,0
33034,Bayas,1,0,0,0,0,0,0,0,0,0,0,0
33035,Bayon-sur-Gironde,1,0,0,0,0,0,0,0,0,0,0,0
33036,Bazas,46,0,4,1,1,7,1,8,1,3,"1,1","0,6"
33037,Beautiran,10,0,1,1,0,2,0,1,0,0,"0,9","0,5"
33038,Bégadan,2,0,0,0,1,1,0,0,0,0,0,0
33039,Bègles,200,1,3,2,6,25,0,66,4,12,"0,2","0,2"
33040,Béguey,7,0,2,0,0,1,0,0,0,0,"1,7","0,9"
33042,Belin-Béliet,17,0,1,1,0,5,0,1,1,0,"0,4","0,2"
33043,Bellebat,0,0,0,0,0,0,0,0,0,0,0,0
33044,Bellefond,1,0,0,0,0,0,0,0,0,0,0,0
33045,Belvès-de-Castillon,0,0,0,0,0,0,0,0,0,0,0,0
33046,Bernos-Beaulac,4,0,0,0,2,1,0,0,0,0,0,0
33047,Berson,5,0,0,1,1,1,0,0,2,0,"0,6",0
33048,Berthez,0,0,0,0,0,0,0,0,0,0,0,0
33049,Beychac-et-Caillau,7,0,0,0,0,0,0,1,2,1,0,"0,5"
33050,Bieujac,2,0,0,0,0,1,0,0,0,0,0,0
33051,Biganos,96,1,3,4,3,7,2,25,2,11,"0,8","0,1"
33052,Les Billaux,5,0,0,1,0,1,0,0,0,0,"0,9",0
33053,Birac,0,0,0,0,0,0,0,0,0,0,0,0
33054,Blaignac,0,0,0,0,0,0,0,0,0,0,0,0
33055,Blaignan,1,0,0,0,0,1,0,0,0,0,0,0
33056,Blanquefort,47,0,3,0,4,8,0,6,3,0,"0,2",0
33057,Blasimon,2,0,0,0,1,1,0,0,0,0,0,0
33058,Blaye,31,0,2,1,2,4,0,4,1,0,"0,6","0,2"
33059,Blésignac,0,0,0,0,0,0,0,0,0,0,0,0
33060,Bommes,1,0,0,0,0,1,0,0,0,0,0,0
33061,Bonnetan,2,0,0,0,0,1,0,0,0,0,0,0
33062,Bonzac,0,0,0,0,0,0,0,0,0,0,0,0
33063,Bordeaux,1980,4,30,6,158,156,13,589,35,95,"0,2",0
33064,Bossugan,0,0,0,0,0,0,0,0,0,0,0,0
33065,Bouliac,29,1,1,1,0,3,0,8,0,0,"0,9","0,3"
33066,Bourdelles,0,0,0,0,0,0,0,0,0,0,0,0
33067,Bourg,17,0,1,1,2,3,0,3,0,0,"0,9","0,5"
33068,Bourideys,0,0,0,0,0,0,0,0,0,0,0,0
33069,Le Bouscat,127,0,4,1,7,18,3,24,7,5,"0,2","0,1"
33070,Brach,1,0,0,0,0,1,0,0,0,0,0,0
33071,Branne,8,0,0,0,0,2,0,0,0,0,0,0
33072,Brannens,0,0,0,0,0,0,0,0,0,0,0,0
33073,Braud-et-Saint-Louis,3,0,0,0,0,1,0,1,0,0,0,0
33074,Brouqueyran,1,0,0,0,0,0,0,1,0,0,0,0
33075,Bruges,37,2,1,1,0,6,0,4,2,3,"0,2","0,2"
33076,Budos,0,0,0,0,0,0,0,0,0,0,0,0
33077,Cabanac-et-Villagrains,2,0,0,0,0,1,0,0,0,0,0,0
33078,Cabara,0,0,0,0,0,0,0,0,0,0,0,0
33079,Cadarsac,1,0,0,0,0,1,0,0,0,0,0,0
33080,Cadaujac,14,0,2,0,0,2,0,0,0,2,"0,4","0,4"
33081,Cadillac,25,0,0,1,2,2,0,4,1,2,"0,4","0,4"
33082,Cadillac-en-Fronsadais,4,0,0,0,0,0,0,0,0,0,0,"1,6"
33083,Camarsac,0,0,0,0,0,0,0,0,0,0,0,0
33084,Cambes,4,0,0,1,0,1,0,0,0,0,"0,7",0
33085,Camblanes-et-Meynac,16,0,1,0,1,4,0,0,1,1,"0,4","0,4"
33086,Camiac-et-Saint-Denis,1,0,0,1,0,0,0,0,0,0,"2,7",0
33087,Camiran,0,0,0,0,0,0,0,0,0,0,0,0
33088,Camps-sur-l'Isle,1,0,0,0,0,0,0,0,0,0,0,0
33089,Campugnan,0,0,0,0,0,0,0,0,0,0,0,0
33090,Canéjan,17,0,0,2,1,3,0,0,3,0,"0,4",0
33091,Cantenac,0,0,0,0,0,0,0,0,0,0,0,0
33092,Cantois,0,0,0,0,0,0,0,0,0,0,0,0
33093,Capian,0,0,0,0,0,0,0,0,0,0,0,0
33094,Caplong,0,0,0,0,0,0,0,0,0,0,0,0
33095,Captieux,11,0,0,1,1,4,0,0,1,0,"0,7","0,7"
33096,Carbon-Blanc,19,0,1,1,0,5,0,0,0,0,"0,3","0,3"
33097,Carcans,41,0,1,0,3,7,1,8,3,0,"0,4","0,4"
33098,Cardan,0,0,0,0,0,0,0,0,0,0,0,0
33099,Carignan-de-Bordeaux,5,0,0,0,0,1,0,1,0,0,0,0
33100,Cars,5,1,0,0,0,0,0,0,0,0,"0,9",0
33101,Cartelègue,2,0,0,0,1,0,0,0,0,0,0,0
33102,Casseuil,0,0,0,0,0,0,0,0,0,0,0,0
33103,Castelmoron-d'Albret,0,0,0,0,0,0,0,0,0,0,0,0
33104,Castelnau-de-Médoc,21,0,2,0,0,3,1,3,0,0,"0,5","0,5"
33105,Castelviel,0,0,0,0,0,0,0,0,0,0,0,0
33106,Castets-en-Dorthe,4,0,0,0,1,1,0,1,0,0,0,0
33107,Castillon-de-Castets,0,0,0,0,0,0,0,0,0,0,0,0
33108,Castillon-la-Bataille,30,0,3,1,3,4,0,4,0,0,"1,4","0,3"
33109,Castres-Gironde,5,0,0,0,0,2,0,0,0,0,0,0
33111,Caudrot,4,0,1,0,0,1,0,0,0,0,"0,9",0
33112,Caumont,0,0,0,0,0,0,0,0,0,0,0,0
33113,Cauvignac,0,0,0,0,0,0,0,0,0,0,0,0
33114,Cavignac,28,1,2,1,1,4,0,6,1,0,"2,3","0,6"
33115,Cazalis,0,0,0,0,0,0,0,0,0,0,0,0
33116,Cazats,0,0,0,0,0,0,0,0,0,0,0,0
33117,Cazaugitat,0,0,0,0,0,0,0,0,0,0,0,0
33118,Cénac,4,0,0,0,1,1,0,0,1,0,0,0
33119,Cenon,59,0,2,0,6,13,1,1,3,2,"0,1",0
33120,Cérons,4,0,0,0,1,0,0,0,0,0,0,"0,5"
33121,Cessac,1,0,0,0,0,1,0,0,0,0,0,0
33122,Cestas,64,2,3,2,2,9,0,6,1,4,"0,4","0,2"
33123,Cézac,2,0,0,0,0,1,0,0,1,0,0,0
33124,Chamadelle,1,0,0,0,1,0,0,0,0,0,0,0
33125,Cissac-Médoc,5,0,0,0,2,1,0,0,0,0,0,0
33126,Civrac-de-Blaye,1,0,0,0,0,0,1,0,0,0,0,0
33127,Civrac-sur-Dordogne,1,0,0,0,0,0,0,0,1,0,0,0
33128,Civrac-en-Médoc,0,0,0,0,0,0,0,0,0,0,0,0
33129,Cleyrac,0,0,0,0,0,0,0,0,0,0,0,0
33130,Coimères,1,0,0,0,0,0,0,0,0,0,0,0
33131,Coirac,1,0,0,0,0,1,0,0,0,0,0,0
33132,Comps,1,0,0,0,0,0,0,0,0,0,0,0
33133,Coubeyrac,0,0,0,0,0,0,0,0,0,0,0,0
33134,Couquèques,0,0,0,0,0,0,0,0,0,0,0,0
33135,Courpiac,0,0,0,0,0,0,0,0,0,0,0,0
33136,Cours-de-Monségur,0,0,0,0,0,0,0,0,0,0,0,0
33137,Cours-les-Bains,1,0,0,0,0,0,0,0,0,0,0,0
33138,Coutras,57,2,1,2,3,7,0,7,2,3,"0,6","0,2"
33139,Coutures,0,0,0,0,0,0,0,0,0,0,0,0
33140,Créon,36,2,0,1,1,2,0,10,2,2,"0,7","0,2"
33141,Croignon,0,0,0,0,0,0,0,0,0,0,0,0
33142,Cubnezais,3,0,0,0,1,1,0,1,0,0,0,0
33143,Cubzac-les-Ponts,7,0,0,0,1,1,0,0,1,0,0,"0,4"
33144,Cudos,3,0,0,0,1,0,0,0,0,0,0,0
33145,Cursan,1,0,0,0,0,0,0,0,0,0,0,0
33146,Cussac-Fort-Médoc,3,0,0,0,0,1,0,0,0,0,0,0
33147,Daignac,1,0,0,0,0,0,0,0,0,0,0,0
33148,Dardenac,0,0,0,0,0,0,0,0,0,0,0,0
33149,Daubèze,0,0,0,0,0,0,0,0,0,0,0,0
33150,Dieulivol,0,0,0,0,0,0,0,0,0,0,0,0
33151,Donnezac,2,0,0,0,0,0,0,0,0,0,0,0
33152,Donzac,0,0,0,0,0,0,0,0,0,0,0,0
33153,Doulezon,0,0,0,0,0,0,0,0,0,0,0,0
33154,Les Églisottes-et-Chalaures,6,0,0,0,0,2,0,0,0,1,0,0
33155,Escaudes,0,0,0,0,0,0,0,0,0,0,0,0
33156,Escoussans,0,0,0,0,0,0,0,0,0,0,0,0
33157,Espiet,1,0,0,0,0,0,0,0,0,0,0,0
33158,Les Esseintes,0,0,0,0,0,0,0,0,0,0,0,0
33159,Étauliers,10,0,1,1,0,1,0,2,2,0,"1,3","0,7"
33160,Eynesse,1,0,0,0,1,0,0,0,0,0,0,0
33161,Eyrans,2,0,0,0,0,0,0,0,0,0,0,"1,4"
33162,Eysines,78,0,5,4,2,12,1,5,10,7,"0,4","0,1"
33163,Faleyras,0,0,0,0,0,0,0,0,0,0,0,0
33164,Fargues,3,0,0,0,1,1,0,0,1,0,0,0
33165,Fargues-Saint-Hilaire,19,0,1,0,0,3,1,2,1,0,"0,4","0,4"
33166,Le Fieu,0,0,0,0,0,0,0,0,0,0,0,0
33167,Floirac,34,0,2,2,3,6,0,2,1,1,"0,2",0
33168,Flaujagues,1,0,0,0,1,0,0,0,0,0,0,0
33169,Floudès,0,0,0,0,0,0,0,0,0,0,0,0
33170,Fontet,1,0,0,0,0,1,0,0,0,0,0,0
33171,Fossès-et-Baleyssac,0,0,0,0,0,0,0,0,0,0,0,0
33172,Fours,0,0,0,0,0,0,0,0,0,0,0,0
33173,Francs,1,0,0,0,0,1,0,0,0,0,0,0
33174,Fronsac,3,0,0,0,1,1,0,0,0,0,0,0
33175,Frontenac,1,0,0,0,0,1,0,0,0,0,0,0
33176,Gabarnac,0,0,0,0,0,0,0,0,0,0,0,0
33177,Gaillan-en-Médoc,10,0,1,1,0,1,0,0,0,3,1,0
33178,Gajac,2,0,0,0,0,1,0,0,0,0,0,0
33179,Galgon,10,0,1,1,0,2,0,0,0,2,"0,7","0,3"
33180,Gans,0,0,0,0,0,0,0,0,0,0,0,0
33181,Gardegan-et-Tourtirac,0,0,0,0,0,0,0,0,0,0,0,0
33182,Gauriac,5,0,0,0,1,1,0,0,1,0,0,0
33183,Gauriaguet,0,0,0,0,0,0,0,0,0,0,0,0
33184,Générac,0,0,0,0,0,0,0,0,0,0,0,0
33185,Génissac,1,0,0,0,1,0,0,0,0,0,0,0
33186,Gensac,7,0,0,0,1,1,0,0,0,0,0,0
33187,Gironde-sur-Dropt,6,0,0,0,0,1,0,0,0,1,0,"0,9"
33188,Giscos,1,0,0,0,1,0,0,0,0,0,0,0
33189,Gornac,1,0,0,0,1,0,0,0,0,0,0,0
33190,Goualade,0,0,0,0,0,0,0,0,0,0,0,0
33191,Gours,1,0,0,0,0,0,0,0,0,0,0,"2,2"
33192,Gradignan,87,0,6,3,1,11,1,6,0,6,"0,4","0,2"
33193,Grayan-et-l'Hôpital,17,0,0,0,5,2,1,2,1,0,0,0
33194,Grézillac,4,0,1,0,0,0,1,0,0,0,"1,4","1,4"
33195,Grignols,9,0,0,0,0,2,0,0,1,0,0,"0,9"
33196,Guillac,0,0,0,0,0,0,0,0,0,0,0,0
33197,Guillos,0,0,0,0,0,0,0,0,0,0,0,0
33198,Guîtres,10,0,0,0,3,2,0,0,0,0,0,0
33199,Gujan-Mestras,86,0,3,2,1,10,5,14,2,4,"0,2","0,1"
33200,Le Haillan,40,0,1,1,1,4,0,3,3,7,"0,2","0,1"
33201,Haux,2,0,0,0,0,0,0,0,0,0,0,0
33202,Hostens,5,0,0,0,0,0,0,1,0,0,0,0
33203,Hourtin,30,0,2,1,1,4,0,5,1,1,"0,9","0,6"
33204,Hure,1,0,0,0,1,0,0,0,0,0,0,0
33205,Illats,3,0,0,0,0,1,0,0,1,0,0,0
33206,Isle-Saint-Georges,1,0,0,0,1,0,0,0,0,0,0,0
33207,Izon,10,0,3,0,0,2,0,0,0,0,"0,6","0,2"
33208,Jau-Dignac-et-Loirac,2,0,0,0,1,0,0,0,0,0,0,0
33209,Jugazan,0,0,0,0,0,0,0,0,0,0,0,0
33210,Juillac,0,0,0,0,0,0,0,0,0,0,0,0
33211,Labarde,0,0,0,0,0,0,0,0,0,0,0,0
33212,Labescau,0,0,0,0,0,0,0,0,0,0,0,0
33213,La Brède,25,0,3,0,2,3,1,4,1,0,"0,8","0,5"
33214,Lacanau,93,0,2,1,3,9,2,41,1,2,"0,7","0,9"
33215,Ladaux,0,0,0,0,0,0,0,0,0,0,0,0
33216,Lados,0,0,0,0,0,0,0,0,0,0,0,0
33218,Lagorce,2,0,0,0,0,1,0,0,0,0,0,0
33219,La Lande-de-Fronsac,7,0,0,0,0,2,1,0,0,0,0,"0,4"
33220,Lamarque,3,0,0,0,1,1,0,0,0,0,0,0
33221,Lamothe-Landerron,3,0,0,0,1,1,0,0,0,0,0,0
33222,Lalande-de-Pomerol,0,0,0,0,0,0,0,0,0,0,0,0
33223,Landerrouat,0,0,0,0,0,0,0,0,0,0,0,0
33224,Landerrouet-sur-Ségur,0,0,0,0,0,0,0,0,0,0,0,0
33225,Landiras,5,0,0,0,0,1,0,1,0,0,0,0
33226,Langoiran,16,0,1,1,2,2,0,1,0,0,"0,9","0,4"
33227,Langon,149,0,5,3,6,9,1,44,7,8,"1,1","0,7"
33228,Lansac,1,0,0,0,0,0,0,0,0,1,0,0
33229,Lanton,26,0,2,1,2,3,3,1,3,0,"0,5","0,2"
33230,Lapouyade,2,0,0,0,2,0,0,0,0,0,0,0
33231,Laroque,1,0,0,0,0,0,0,0,0,0,0,0
33232,Lartigue,0,0,0,0,0,0,0,0,0,0,0,0
33233,Laruscade,8,0,1,1,0,1,0,0,0,0,"0,8","0,4"
33234,Latresne,22,0,2,0,0,3,1,2,0,2,"0,6","0,3"
33235,Lavazan,0,0,0,0,0,0,0,0,0,0,0,0
33236,Lège-Cap-Ferret,153,0,3,2,5,11,11,34,3,5,"0,6","0,4"
33237,Léogeats,1,0,0,0,1,0,0,0,0,0,0,0
33238,Léognan,28,1,1,1,0,4,0,5,0,0,"0,3","0,2"
33239,Lerm-et-Musset,1,0,0,0,1,0,0,0,0,0,0,0
33240,Lesparre-Médoc,67,2,2,3,2,2,0,11,2,3,"1,2","0,7"
33241,Lestiac-sur-Garonne,0,0,0,0,0,0,0,0,0,0,0,0
33242,Les Lèves-et-Thoumeyragues,1,0,0,0,0,1,0,0,0,0,0,0
33243,Libourne,264,4,4,3,10,20,2,65,14,12,"0,5","0,2"
33244,Lignan-de-Bazas,0,0,0,0,0,0,0,0,0,0,0,0
33245,Lignan-de-Bordeaux,0,0,0,0,0,0,0,0,0,0,0,0
33246,Ligueux,0,0,0,0,0,0,0,0,0,0,0,0
33247,Listrac-de-Durèze,1,0,0,0,0,0,0,0,0,0,0,0
33248,Listrac-Médoc,5,0,0,0,1,1,0,1,0,0,0,"0,4"
33249,Lormont,97,1,2,1,7,10,0,23,6,7,"0,2","0,2"
33250,Loubens,0,0,0,0,0,0,0,0,0,0,0,0
33251,Louchats,1,0,0,0,1,0,0,0,0,0,0,0
33252,Loupes,0,0,0,0,0,0,0,0,0,0,0,0
33253,Loupiac,0,0,0,0,0,0,0,0,0,0,0,0
33254,Loupiac-de-la-Réole,1,0,0,0,1,0,0,0,0,0,0,0
33255,Lucmau,0,0,0,0,0,0,0,0,0,0,0,0
33256,Ludon-Médoc,8,0,1,1,0,1,0,1,0,0,"0,5",0
33257,Lugaignac,0,0,0,0,0,0,0,0,0,0,0,0
33258,Lugasson,1,0,0,0,0,0,0,0,0,1,0,0
33259,Lugon-et-l'Île-du-Carnay,3,0,0,0,1,1,0,1,0,0,0,0
33260,Lugos,0,0,0,0,0,0,0,0,0,0,0,0
33261,Lussac,6,0,0,0,2,1,0,0,0,0,0,0
33262,Macau,9,0,0,0,1,4,0,0,1,0,0,0
33263,Madirac,0,0,0,0,0,0,0,0,0,0,0,0
33264,Maransin,2,0,0,0,1,0,0,0,0,0,0,0
33266,Marcenais,1,0,0,0,0,0,0,0,0,0,0,0
33267,Marcillac,3,0,0,0,1,1,0,0,0,0,0,0
33268,Margaux,7,0,0,0,0,3,0,2,0,0,0,0
33269,Margueron,2,0,0,0,2,0,0,0,0,0,0,0
33270,Marimbault,0,0,0,0,0,0,0,0,0,0,0,0
33271,Marions,0,0,0,0,0,0,0,0,0,0,0,0
33272,Marsas,2,0,0,0,0,1,0,0,0,0,0,0
33273,Martignas-sur-Jalle,12,0,1,0,0,2,1,0,1,1,"0,1","0,1"
33274,Martillac,8,0,1,0,0,2,0,1,2,0,"0,4",0
33275,Martres,0,0,0,0,0,0,0,0,0,0,0,0
33276,Masseilles,0,0,0,0,0,0,0,0,0,0,0,0
33277,Massugas,0,0,0,0,0,0,0,0,0,0,0,0
33278,Mauriac,1,0,0,0,0,0,0,1,0,0,0,0
33279,Mazères,2,0,0,0,0,1,0,1,0,0,0,0
33280,Mazion,1,0,0,0,0,0,0,1,0,0,0,0
33281,Mérignac,402,4,6,12,13,37,2,70,11,66,"0,3","0,2"
33282,Mérignas,0,0,0,0,0,0,0,0,0,0,0,0
33283,Mesterrieux,0,0,0,0,0,0,0,0,0,0,0,0
33284,Mios,15,0,0,0,0,4,0,0,0,0,0,"0,1"
33285,Mombrier,0,0,0,0,0,0,0,0,0,0,0,0
33287,Mongauzy,2,0,0,0,1,1,0,0,0,0,0,0
33288,Monprimblanc,0,0,0,0,0,0,0,0,0,0,0,0
33289,Monségur,10,0,1,0,0,2,0,2,0,0,"0,7","0,7"
33290,Montagne,3,0,0,0,0,1,0,0,1,0,0,0
33291,Montagoudin,1,0,0,0,0,0,0,0,0,0,0,0
33292,Montignac,0,0,0,0,0,0,0,0,0,0,0,0
33293,Montussan,9,0,1,1,1,2,0,1,0,0,"0,7",0
33294,Morizès,2,0,0,0,2,0,0,0,0,0,0,0
33295,Mouillac,0,0,0,0,0,0,0,0,0,0,0,0
33296,Mouliets-et-Villemartin,1,0,0,0,0,0,0,0,1,0,0,0
33297,Moulis-en-Médoc,1,0,0,0,1,0,0,0,0,0,0,0
33298,Moulon,3,0,0,0,0,1,0,0,0,0,0,0
33299,Mourens,0,0,0,0,0,0,0,0,0,0,0,0
33300,Naujac-sur-Mer,3,0,0,0,0,1,0,0,0,0,0,0
33301,Naujan-et-Postiac,2,0,0,0,1,0,0,0,0,0,0,0
33302,Néac,1,0,0,1,0,0,0,0,0,0,"2,6",0
33303,Nérigean,1,0,0,0,1,0,0,0,0,0,0,0
33304,Neuffons,0,0,0,0,0,0,0,0,0,0,0,0
33305,Le Nizan,0,0,0,0,0,0,0,0,0,0,0,0
33306,Noaillac,0,0,0,0,0,0,0,0,0,0,0,0
33307,Noaillan,3,0,0,0,1,1,0,1,0,0,0,0
33308,Omet,1,0,0,0,0,0,1,0,0,0,0,0
33309,Ordonnac,0,0,0,0,0,0,0,0,0,0,0,0
33310,Origne,0,0,0,0,0,0,0,0,0,0,0,0
33311,Paillet,0,0,0,0,0,0,0,0,0,0,0,0
33312,Parempuyre,17,0,1,0,1,3,0,4,2,0,"0,1","0,1"
33314,Pauillac,32,0,3,1,2,5,1,3,2,0,"0,8","0,6"
33315,Les Peintures,3,0,0,0,0,1,0,1,0,0,0,0
33316,Pellegrue,5,0,1,0,0,1,0,0,1,0,1,1
33317,Périssac,3,0,0,0,1,0,0,0,0,0,0,0
33318,Pessac,204,2,6,2,5,30,4,47,5,8,"0,2","0,1"
33319,Pessac-sur-Dordogne,2,0,0,0,0,0,0,0,0,0,0,0
33320,Petit-Palais-et-Cornemps,0,0,0,0,0,0,0,0,0,0,0,0
33321,Peujard,4,0,0,0,0,1,0,0,1,0,0,0
33322,Le Pian-Médoc,30,1,0,1,0,1,0,6,1,1,"0,3","0,3"
33323,Le Pian-sur-Garonne,1,0,0,0,0,1,0,0,0,0,0,0
33324,Pineuilh,34,1,2,3,2,1,0,4,1,2,"1,4","0,7"
33325,Plassac,2,0,0,0,0,1,0,0,0,0,0,0
33326,Pleine-Selve,0,0,0,0,0,0,0,0,0,0,0,0
33327,Podensac,20,1,1,2,1,1,0,1,0,2,"1,4","0,7"
33328,Pomerol,2,0,0,0,0,0,0,0,0,0,0,0
33329,Pompéjac,0,0,0,0,0,0,0,0,0,0,0,0
33330,Pompignac,4,0,0,0,1,1,0,1,0,0,0,0
33331,Pondaurat,0,0,0,0,0,0,0,0,0,0,0,0
33332,Porchères,1,0,0,0,0,0,1,0,0,0,0,0
33333,Le Porge,13,0,0,0,2,3,1,1,0,0,0,"0,4"
33334,Portets,8,0,1,0,2,3,0,0,0,1,"0,4","0,4"
33335,Le Pout,0,0,0,0,0,0,0,0,0,0,0,0
33336,Préchac,4,0,0,0,1,1,0,0,0,0,0,0
33337,Preignac,3,0,0,0,0,1,0,0,0,0,0,0
33338,Prignac-en-Médoc,0,0,0,0,0,0,0,0,0,0,0,0
33339,Prignac-et-Marcamps,4,0,0,1,1,0,0,0,0,0,"0,7",0
33341,Pugnac,8,0,1,0,1,1,0,0,0,0,"0,5","0,5"
33342,Puisseguin,2,0,0,1,0,1,0,0,0,0,"1,2",0
33343,Pujols-sur-Ciron,0,0,0,0,0,0,0,0,0,0,0,0
33344,Pujols,1,0,0,0,0,0,0,0,0,0,0,0
33345,Le Puy,0,0,0,0,0,0,0,0,0,0,0,0
33346,Puybarban,0,0,0,0,0,0,0,0,0,0,0,0
33347,Puynormand,2,0,0,0,0,2,0,0,0,0,0,0
33348,Queyrac,3,0,0,0,1,1,0,0,0,0,0,0
33349,Quinsac,7,0,0,0,2,2,0,2,0,0,0,0
33350,Rauzan,7,0,0,0,0,2,0,0,0,0,0,0
33351,Reignac,4,0,0,0,0,2,0,0,0,0,0,0
33352,La Réole,43,1,3,2,1,4,0,4,0,2,"1,5","0,5"
33353,Rimons,1,0,0,0,0,0,0,0,0,0,0,0
33354,Riocaud,0,0,0,0,0,0,0,0,0,0,0,0
33355,Rions,2,0,0,0,1,0,0,0,0,0,0,0
33356,La Rivière,0,0,0,0,0,0,0,0,0,0,0,0
33357,Roaillan,2,0,0,0,0,1,0,0,0,0,0,0
33358,Romagne,1,0,0,0,0,0,0,0,0,0,0,0
33359,Roquebrune,0,0,0,0,0,0,0,0,0,0,0,0
33360,La Roquille,0,0,0,0,0,0,0,0,0,0,0,0
33361,Ruch,1,0,0,0,1,0,0,0,0,0,0,0
33362,Sablons,7,0,0,0,0,1,0,0,1,0,0,0
33363,Sadirac,9,0,0,0,1,2,0,0,2,0,0,0
33364,Saillans,0,0,0,0,0,0,0,0,0,0,0,0
33365,Saint-Aignan,0,0,0,0,0,0,0,0,0,0,0,0
33366,Saint-André-de-Cubzac,81,1,4,4,2,4,1,14,6,2,"0,9","0,4"
33367,Saint-André-du-Bois,0,0,0,0,0,0,0,0,0,0,0,0
33369,Saint-André-et-Appelles,1,0,0,1,0,0,0,0,0,0,"1,4",0
33370,Saint-Androny,0,0,0,0,0,0,0,0,0,0,0,0
33371,Saint-Antoine,0,0,0,0,0,0,0,0,0,0,0,0
33372,Saint-Antoine-du-Queyret,1,0,0,0,0,0,0,1,0,0,0,0
33373,Saint-Antoine-sur-l'Isle,2,0,0,0,2,0,0,0,0,0,0,0
33374,Saint-Aubin-de-Blaye,3,0,0,0,0,1,0,0,0,0,0,0
33375,Saint-Aubin-de-Branne,0,0,0,0,0,0,0,0,0,0,0,0
33376,Saint-Aubin-de-Médoc,9,0,0,0,0,3,0,0,0,0,0,0
33377,Saint-Avit-de-Soulège,0,0,0,0,0,0,0,0,0,0,0,0
33378,Saint-Avit-Saint-Nazaire,1,0,0,0,0,0,0,0,0,0,0,0
33379,Saint-Brice,1,0,0,0,1,0,0,0,0,0,0,0
33380,Saint-Caprais-de-Blaye,1,0,0,0,1,0,0,0,0,0,0,0
33381,Saint-Caprais-de-Bordeaux,2,0,0,0,0,1,0,0,0,0,0,0
33382,Saint-Christoly-de-Blaye,11,0,0,0,1,1,0,2,1,1,0,0
33383,Saint-Christoly-Médoc,2,0,0,0,1,0,1,0,0,0,0,0
33384,Saint-Christophe-des-Bardes,2,0,0,0,1,0,0,0,0,0,0,0
33385,Saint-Christophe-de-Double,0,0,0,0,0,0,0,0,0,0,0,0
33386,Saint-Cibard,0,0,0,0,0,0,0,0,0,0,0,0
33387,Saint-Ciers-d'Abzac,0,0,0,0,0,0,0,0,0,0,0,0
33388,Saint-Ciers-de-Canesse,0,0,0,0,0,0,0,0,0,0,0,0
33389,Saint-Ciers-sur-Gironde,13,0,2,0,0,1,0,1,1,0,"0,7","0,3"
33390,Sainte-Colombe,1,0,0,0,0,0,0,0,0,0,0,0
33391,Saint-Côme,0,0,0,0,0,0,0,0,0,0,0,0
33392,Sainte-Croix-du-Mont,5,0,0,0,2,2,0,0,0,1,0,0
33393,Saint-Denis-de-Pile,11,0,1,1,1,2,0,0,0,0,"0,4","0,2"
33394,Saint-Émilion,21,0,0,0,1,3,0,6,0,1,0,0
33395,Saint-Estèphe,4,0,0,0,2,0,0,0,0,0,0,0
33396,Saint-Étienne-de-Lisse,0,0,0,0,0,0,0,0,0,0,0,0
33397,Sainte-Eulalie,59,1,1,0,0,4,0,19,1,5,"0,4","0,2"
33398,Saint-Exupéry,1,0,0,0,0,0,0,0,1,0,0,0
33399,Saint-Félix-de-Foncaude,0,0,0,0,0,0,0,0,0,0,0,0
33400,Saint-Ferme,1,0,0,0,0,1,0,0,0,0,0,0
33401,Sainte-Florence,0,0,0,0,0,0,0,0,0,0,0,0
33402,Sainte-Foy-la-Grande,46,0,0,0,6,7,0,12,0,1,0,0
33403,Sainte-Foy-la-Longue,0,0,0,0,0,0,0,0,0,0,0,0
33404,Sainte-Gemme,0,0,0,0,0,0,0,0,0,0,0,0
33405,Saint-Genès-de-Blaye,0,0,0,0,0,0,0,0,0,0,0,0
33406,Saint-Genès-de-Castillon,1,0,0,0,0,0,0,0,0,0,0,0
33407,Saint-Genès-de-Fronsac,1,0,0,0,1,0,0,0,0,0,0,0
33408,Saint-Genès-de-Lombaud,0,0,0,0,0,0,0,0,0,0,0,0
33409,Saint-Genis-du-Bois,0,0,0,0,0,0,0,0,0,0,0,0
33411,Saint-Germain-de-Grave,0,0,0,0,0,0,0,0,0,0,0,0
33412,Saint-Germain-d'Esteuil,2,0,0,0,1,1,0,0,0,0,0,0
33413,Saint-Germain-du-Puch,6,0,1,0,1,2,0,0,1,0,"0,5",0
33414,Saint-Germain-de-la-Rivière,0,0,0,0,0,0,0,0,0,0,0,0
33415,Saint-Gervais,5,0,0,0,0,3,0,0,0,0,0,0
33416,Saint-Girons-d'Aiguevives,0,0,0,0,0,0,0,0,0,0,0,0
33417,Sainte-Hélène,6,0,1,0,0,2,0,0,0,0,"0,4","0,4"
33418,Saint-Hilaire-de-la-Noaille,1,0,0,0,0,0,0,0,0,1,0,0
33419,Saint-Hilaire-du-Bois,0,0,0,0,0,0,0,0,0,0,0,0
33420,Saint-Hippolyte,0,0,0,0,0,0,0,0,0,0,0,0
33421,Saint-Jean-de-Blaignac,0,0,0,0,0,0,0,0,0,0,0,0
33422,Saint-Jean-d'Illac,38,1,2,0,2,4,2,2,5,4,"0,4","0,3"
33423,Saint-Julien-Beychevelle,0,0,0,0,0,0,0,0,0,0,0,0
33424,Saint-Laurent-Médoc,11,0,1,0,0,2,0,0,0,0,"0,2","0,2"
33425,Saint-Laurent-d'Arce,2,0,0,0,1,1,0,0,0,0,0,0
33426,Saint-Laurent-des-Combes,1,0,0,0,0,1,0,0,0,0,0,0
33427,Saint-Laurent-du-Bois,0,0,0,0,0,0,0,0,0,0,0,0
33428,Saint-Laurent-du-Plan,0,0,0,0,0,0,0,0,0,0,0,0
33429,Saint-Léger-de-Balson,0,0,0,0,0,0,0,0,0,0,0,0
33431,Saint-Léon,0,0,0,0,0,0,0,0,0,0,0,0
33432,Saint-Loubert,0,0,0,0,0,0,0,0,0,0,0,0
33433,Saint-Loubès,19,0,1,0,0,4,0,2,0,0,"0,1","0,2"
33434,Saint-Louis-de-Montferrand,5,0,0,0,0,1,0,1,0,0,0,"0,5"
33435,Saint-Macaire,8,0,0,0,1,1,0,0,0,0,0,0
33436,Saint-Magne,2,0,0,0,1,1,0,0,0,0,0,0
33437,Saint-Magne-de-Castillon,10,1,0,4,0,1,0,0,1,0,"2,6","0,5"
33438,Saint-Maixant,3,0,0,0,1,0,0,1,0,0,0,0
33439,Saint-Mariens,5,0,0,0,1,1,0,1,1,0,0,0
33440,Saint-Martial,0,0,0,0,0,0,0,0,0,0,0,0
33441,Saint-Martin-Lacaussade,12,0,0,1,1,0,0,2,1,1,"0,9",0
33442,Saint-Martin-de-Laye,0,0,0,0,0,0,0,0,0,0,0,0
33443,Saint-Martin-de-Lerm,0,0,0,0,0,0,0,0,0,0,0,0
33444,Saint-Martin-de-Sescas,0,0,0,0,0,0,0,0,0,0,0,0
33445,Saint-Martin-du-Bois,0,0,0,0,0,0,0,0,0,0,0,0
33446,Saint-Martin-du-Puy,0,0,0,0,0,0,0,0,0,0,0,0
33447,Saint-Médard-de-Guizières,12,0,1,0,0,3,0,0,1,2,"0,4",0
33448,Saint-Médard-d'Eyrans,3,0,1,0,0,1,0,0,0,0,"0,3",0
33449,Saint-Médard-en-Jalles,134,1,4,1,1,15,1,35,0,3,"0,2","0,1"
33450,Saint-Michel-de-Castelnau,1,0,0,0,0,1,0,0,0,0,0,0
33451,Saint-Michel-de-Fronsac,2,0,0,0,0,1,1,0,0,0,0,0
33452,Saint-Michel-de-Rieufret,2,0,0,0,0,0,0,0,0,0,0,"3,6"
33453,Saint-Michel-de-Lapujade,0,0,0,0,0,0,0,0,0,0,0,0
33454,Saint-Morillon,1,0,0,0,1,0,0,0,0,0,0,0
33456,Saint-Palais,1,0,0,0,0,0,0,0,0,0,0,0
33457,Saint-Pardon-de-Conques,0,0,0,0,0,0,0,0,0,0,0,0
33458,Saint-Paul,1,0,0,0,1,0,0,0,0,0,0,0
33459,Saint-Pey-d'Armens,1,0,0,0,0,1,0,0,0,0,0,0
33460,Saint-Pey-de-Castets,1,0,0,0,0,1,0,0,0,0,0,0
33461,Saint-Philippe-d'Aiguille,2,0,0,0,1,1,0,0,0,0,0,0
33462,Saint-Philippe-du-Seignal,1,0,0,0,0,0,0,0,0,0,0,0
33463,Saint-Pierre-d'Aurillac,7,0,0,0,0,3,0,1,0,0,0,"0,8"
33464,Saint-Pierre-de-Bat,0,0,0,0,0,0,0,0,0,0,0,0
33465,Saint-Pierre-de-Mons,0,0,0,0,0,0,0,0,0,0,0,0
33466,Saint-Quentin-de-Baron,9,0,0,0,1,2,0,1,1,0,0,"0,5"
33467,Saint-Quentin-de-Caplong,0,0,0,0,0,0,0,0,0,0,0,0
33468,Sainte-Radegonde,0,0,0,0,0,0,0,0,0,0,0,0
33470,Saint-Romain-la-Virvée,1,0,0,0,1,0,0,0,0,0,0,0
33471,Saint-Sauveur,1,0,0,0,1,0,0,0,0,0,0,0
33472,Saint-Sauveur-de-Puynormand,0,0,0,0,0,0,0,0,0,0,0,0
33473,Saint-Savin,15,0,1,1,0,2,0,4,0,0,"0,7","0,3"
33474,Saint-Selve,2,0,0,0,0,1,0,0,0,0,0,0
33475,Saint-Seurin-de-Bourg,0,0,0,0,0,0,0,0,0,0,0,0
33476,Saint-Seurin-de-Cadourne,1,0,0,0,1,0,0,0,0,0,0,0
33477,Saint-Seurin-de-Cursac,5,0,0,0,0,1,0,0,0,0,0,0
33478,Saint-Seurin-sur-l'Isle,25,0,2,2,1,4,0,5,0,1,"1,3","0,3"
33479,Saint-Sève,0,0,0,0,0,0,0,0,0,0,0,0
33480,Saint-Sulpice-de-Faleyrens,6,0,0,0,2,1,0,0,0,0,0,0
33481,Saint-Sulpice-de-Guilleragues,1,0,0,0,1,0,0,0,0,0,0,0
33482,Saint-Sulpice-de-Pommiers,0,0,0,0,0,0,0,0,0,0,0,0
33483,Saint-Sulpice-et-Cameyrac,18,1,0,1,1,2,1,1,0,1,"0,4","0,2"
33484,Saint-Symphorien,9,0,1,0,1,2,0,1,0,0,"0,6","0,6"
33485,Sainte-Terre,6,0,0,0,0,2,1,0,0,0,0,0
33486,Saint-Trojan,1,0,0,0,1,0,0,0,0,0,0,0
33487,Saint-Vincent-de-Paul,3,0,0,0,0,1,0,0,0,0,0,0
33488,Saint-Vincent-de-Pertignas,0,0,0,0,0,0,0,0,0,0,0,0
33489,Saint-Vivien-de-Blaye,0,0,0,0,0,0,0,0,0,0,0,0
33490,Saint-Vivien-de-Médoc,15,0,0,0,2,2,4,1,0,0,0,"0,6"
33491,Saint-Vivien-de-Monségur,1,0,0,0,1,0,0,0,0,0,0,0
33492,Saint-Yzan-de-Soudiac,5,0,0,0,0,1,0,1,1,0,0,0
33493,Saint-Yzans-de-Médoc,1,0,0,0,1,0,0,0,0,0,0,0
33494,Salaunes,3,0,0,0,1,0,0,0,2,0,0,0
33495,Salignac,3,0,0,0,1,1,0,0,0,0,0,0
33496,Sallebœuf,6,0,2,1,0,0,0,0,0,0,"1,3","0,4"
33498,Salles,21,0,3,0,0,3,0,2,1,0,"0,5","0,2"
33499,Les Salles-de-Castillon,0,0,0,0,0,0,0,0,0,0,0,0
33500,Samonac,0,0,0,0,0,0,0,0,0,0,0,0
33501,Saucats,7,0,1,0,0,2,0,0,0,0,"0,4","0,4"
33502,Saugon,5,0,0,0,1,1,0,0,0,0,0,"4,7"
33503,Saumos,0,0,0,0,0,0,0,0,0,0,0,0
33504,Sauternes,2,0,0,0,0,2,0,0,0,0,0,0
33505,La Sauve,10,0,0,0,1,1,1,2,0,0,0,0
33506,Sauveterre-de-Guyenne,13,0,1,0,0,1,0,0,3,0,"0,6","0,6"
33507,Sauviac,0,0,0,0,0,0,0,0,0,0,0,0
33508,Savignac,1,0,0,0,1,0,0,0,0,0,0,0
33509,Savignac-de-l'Isle,1,0,0,0,1,0,0,0,0,0,0,0
33510,Semens,0,0,0,0,0,0,0,0,0,0,0,0
33511,Sendets,1,0,0,0,0,0,0,1,0,0,0,0
33512,Sigalens,2,0,0,0,0,2,0,0,0,0,0,0
33513,Sillas,0,0,0,0,0,0,0,0,0,0,0,0
33514,Soulac-sur-Mer,67,0,2,0,5,4,0,21,2,0,"0,8","0,4"
33515,Soulignac,0,0,0,0,0,0,0,0,0,0,0,0
33516,Soussac,1,0,0,0,0,1,0,0,0,0,0,0
33517,Soussans,4,0,0,0,0,0,0,1,0,0,0,0
33518,Tabanac,1,0,0,1,0,0,0,0,0,0,"0,9",0
33519,Le Taillan-Médoc,27,0,1,1,0,7,0,2,1,2,"0,2","0,1"
33520,Taillecavat,1,0,0,0,0,1,0,0,0,0,0,0
33521,Talais,3,0,0,0,1,1,1,0,0,0,0,0
33522,Talence,88,1,5,0,7,18,1,5,3,2,"0,1","0,1"
33523,Targon,5,0,1,0,0,1,0,0,0,0,"0,5","1,1"
33524,Tarnès,1,0,0,0,0,0,0,0,0,0,0,0
33525,Tauriac,3,0,0,0,1,1,1,0,0,0,0,0
33526,Tayac,1,0,0,0,0,1,0,0,0,0,0,0
33527,Le Teich,28,0,1,1,2,4,3,4,2,0,"0,3","0,1"
33528,Le Temple,1,0,0,0,0,0,0,0,0,0,0,0
33529,La Teste-de-Buch,209,2,8,8,10,23,11,30,5,10,"0,7","0,2"
33530,Teuillac,2,0,0,0,1,0,0,0,0,0,0,0
33531,Tizac-de-Curton,1,0,0,0,1,0,0,0,0,0,0,0
33532,Tizac-de-Lapouyade,3,0,0,1,1,0,0,0,0,0,2,0
33533,Toulenne,13,0,1,1,1,2,0,1,0,1,"0,8",0
33534,Le Tourne,5,0,0,0,0,3,0,0,0,0,0,"1,3"
33535,Tresses,10,0,1,0,0,2,0,1,0,1,"0,2","0,5"
33536,Le Tuzan,0,0,0,0,0,0,0,0,0,0,0,0
33537,Uzeste,3,0,0,0,1,1,0,0,0,0,0,0
33538,Valeyrac,0,0,0,0,0,0,0,0,0,0,0,0
33539,Vayres,6,0,0,0,0,1,0,1,0,0,0,0
33540,Vendays-Montalivet,37,0,2,0,6,3,2,6,3,0,"0,8","0,8"
33541,Vensac,2,0,0,0,0,0,0,0,0,0,0,0
33542,Vérac,1,0,0,0,1,0,0,0,0,0,0,0
33543,Verdelais,2,0,0,0,1,0,0,0,1,0,0,0
33544,Le Verdon-sur-Mer,11,0,1,0,2,3,1,1,0,0,"0,7",0
33545,Vertheuil,2,0,0,0,0,1,0,0,0,0,0,0
33546,Vignonet,0,0,0,0,0,0,0,0,0,0,0,0
33547,Villandraut,9,0,0,0,2,2,0,0,1,0,0,1
33548,Villegouge,1,0,0,0,0,1,0,0,0,0,0,0
33549,Villenave-de-Rions,0,0,0,0,0,0,0,0,0,0,0,0
33550,Villenave-d'Ornon,101,1,4,4,3,14,2,14,7,6,"0,3","0,1"
33551,Villeneuve,1,0,0,0,1,0,0,0,0,0,0,0
33552,Virelade,1,0,0,0,0,1,0,0,0,0,0,0
33553,Virsac,0,0,0,0,0,0,0,0,0,0,0,0
33554,Yvrac,15,0,1,1,0,3,1,0,1,0,"0,7","0,4"
33555,Marcheprime,17,0,1,0,1,2,0,1,0,1,"0,2","0,2"
